# Object Export From Tinkercad Server 2015

mtllib obj.mtl

o obj_0
v 17.956 		11.335 		193.957
v 17.52 		11.268 		193.995
v 10.996 		-13.292 		48.807
v 16.609 		12.013 		193.808
v 11.537 		-14.3 		48.806
v 10.47 		-12.312 		49.08
v 16.758 		11.502 		193.969
v 17.607 		11.609 		193.966
v 17.397 		11.855 		193.915
v 12.063 		-15.28 		49.081
v 10.22 		-15.548 		46.366
v 9.116 		-12.962 		46.503
v 18.079 		10.479 		193.822
v 8.599 		-12.333 		46.475
v 18.058 		11.055 		193.919
v 17.463 		10.383 		193.953
v 17.125 		10.671 		193.995
v 16.583 		11.085 		193.995
v 8.127 		-10.644 		53.151
v 6.932 		-11.093 		50.574
v 16.867 		9.844 		193.953
v 7.133 		-11.711 		51.517
v 17.776 		10.106 		193.827
v 7.913 		-10.144 		50.944
v 18.939 		12.625 		192.999
v 18.725 		12.936 		192.813
v 7.967 		-10.27 		52.081
v 6.511 		-14.975 		50.505
v 7.397 		-12.526 		52.276
v 19.29 		12.341 		192.889
v 8.054 		-14.547 		53.082
v 7.71 		-13.49 		52.808
v 18.494 		13.315 		192.16
v 19.672 		12.368 		191.958
v 19.607 		12.337 		192.31
v 18.959 		13.142 		191.915
v 19.368 		12.827 		191.876
v 18.596 		13.049 		192.734
v 8.127 		-10.644 		48.737
v 7.967 		-10.27 		49.808
v 7.386 		-10.525 		48.443
v 19.062 		13.065 		191.997
v 7.054 		-10.493 		48.689
v 18.908 		13.047 		192.406
v 6.806 		-10.706 		49.504
v 19.396 		12.633 		192.382
v 19.214 		12.608 		192.727
v 6.653 		-10.704 		48.905
v 17.613 		13.074 		193.084
v 17.595 		12.715 		193.465
v 6.325 		-11.095 		49.007
v 18.1 		13.043 		193.015
v 17.878 		12.784 		193.371
v 17.895 		12.322 		193.698
v 18.052 		12.685 		193.419
v 18.254 		12.509 		193.492
v 6.029 		-11.648 		49.004
v 17.14 		13.227 		192.832
v 17.173 		12.831 		193.34
v 17.215 		12.319 		193.73
v 17.627 		13.334 		192.629
v 17.635 		13.482 		192.126
v 18.187 		13.421 		192.044
v 7.642 		-10.646 		48.218
v 18.715 		13.124 		190.978
v 18.608 		13.32 		191.701
v 8.088 		-11.094 		47.711
v 18.978 		13.04 		191.142
v 19.566 		12.585 		191.745
v 19.214 		12.923 		191.329
v 18.698 		12.902 		190.474
v 17.118 		13.493 		191.68
v 17.636 		13.51 		191.603
v 17.62 		13.206 		190.608
v 17.128 		13.371 		190.976
v 17.101 		13.155 		190.542
v 5.462 		-12.943 		48.596
v 6.038 		-12.904 		49.699
v 18.151 		13.204 		190.737
v 18.319 		13.335 		191.172
v 18.266 		13.418 		191.559
v 5.74 		-12.323 		48.863
v 4.57 		-14.19 		47.279
v 20.695 		9.378 		189.735
v 4.787 		-14.162 		47.654
v 18.49 		11.377 		193.793
v 4.56 		-13.17 		46.956
v 19.002 		11.45 		193.473
v 19.484 		11.444 		192.933
v 19.483 		11.764 		192.91
v 19.174 		11.737 		193.281
v 4.557 		-12.58 		46.618
v 4.989 		19.133 		130.12
v 19.313 		12.053 		193.036
v -11.071 		-2.454 		182.825
v -11.557 		-3.302 		183.085
v 4.937 		-15.264 		47.928
v 4.596 		14.224 		33.478
v 4.714 		17.282 		128.828
v 6.576 		15.483 		32.192
v -12.337 		-0.445 		184.253
v 19.083 		11.989 		193.301
v -14.084 		-0.141 		184.238
v 18.816 		12.003 		193.495
v 6.181 		14.55 		31.659
v 18.444 		12.22 		193.595
v 4.84 		18.13 		129.587
v -13.986 		-0.696 		185.204
v -13.677 		-0.831 		185.42
v 3.387 		17.417 		131.405
v 18.828 		10.976 		193.557
v 3.349 		16.768 		130.463
v 13.233 		-7.917 		65.521
v 18.993 		10.687 		193.343
v -13.166 		-0.592 		184.891
v 22.628 		4.179 		82.582
v 19.326 		10.557 		192.882
v 19.336 		10.848 		193.015
v 4.848 		-13.284 		47.546
v 0.8 		16.687 		131.203
v 23.638 		4.263 		83.114
v 21.52 		4.086 		82.308
v -16.312 		-0.496 		184.512
v 19.781 		11.177 		192.299
v -16.231 		-0.968 		185.237
v 5.306 		-13.188 		48.38
v -15.091 		-0.834 		185.357
v -15.182 		-0.316 		184.511
v 19.617 		11.742 		192.685
v 5.847 		13.761 		30.901
v 19.573 		12.059 		192.632
v 5.593 		13.162 		29.958
v 12.904 		-6.961 		64.957
v 0.722 		17.332 		130.26
v 4.272 		13.219 		31.465
v -4.357 		15.767 		140.576
v 4.149 		-2.809 		45.289
v 12.93 		-6.634 		64.821
v -11.6 		-4.244 		184.303
v -11.788 		-4.13 		183.879
v 4.23 		13.088 		30.328
v 4.539 		-2.667 		45.607
v 18.183 		11.956 		193.795
v 13.515 		-5.939 		64.715
v -11.367 		-4.244 		184.657
v 2.072 		16.784 		128.626
v 1.994 		14.809 		32.332
v -15.863 		-5.837 		183.087
v 0.497 		19.189 		128.968
v -14.85 		-5.378 		182.812
v -14.562 		-7.17 		185.527
v 0.363 		20.293 		128.695
v 14.577 		-6.32 		63.257
v 3.075 		13.544 		34.042
v 3.045 		13.41 		32.905
v 22.14 		2.381 		79.868
v -12.795 		-4.445 		183.086
v -13.082 		-6.332 		185.39
v 8.461 		24.977 		122.476
v 12.372 		-7.854 		63.46
v 3.075 		13.544 		31.768
v 3.695 		-2.974 		45.089
v 17.433 		9.077 		193.517
v 23.71 		2.371 		80.537
v 16.953 		8.411 		193.232
v -3.143 		16.331 		137.991
v 18.799 		9.737 		192.981
v 18.178 		9.752 		193.516
v 17.603 		8.847 		193.25
v 18.533 		10.183 		193.5
v 24.516 		1.383 		80.008
v 3.21 		-3.151 		45.021
v -2.897 		15.729 		138.934
v 18.257 		9.146 		193.005
v 19.272 		3.899 		82.582
v 17.176 		9.425 		193.779
v 2.723 		-3.328 		45.089
v -11.968 		-1.155 		179.224
v -1.575 		15.77 		137.427
v 18.262 		3.814 		83.114
v 1.908 		14.165 		33.275
v 17.458 		2.409 		81.296
v -2.743 		15.353 		140.004
v 3.165 		13.941 		30.698
v 13.14 		-6.231 		64.715
v 3.838 		25.164 		126.048
v -11.339 		-0.996 		180.167
v 3.861 		25.569 		127.119
v 1.88 		-3.635 		45.607
v 12.852 		-6.567 		63.848
v -10.944 		-0.896 		181.237
v 6.086 		25.474 		125.488
v 5.914 		25.36 		124.542
v 1.582 		-3.744 		46.021
v 7.94 		24.966 		124.238
v 5.854 		24.959 		127.886
v -15.97 		-2.164 		177.658
v 5.914 		25.36 		126.815
v -16.006 		-3.979 		180.373
v -1.535 		15.639 		138.564
v -12.8 		-1.365 		178.465
v -12.395 		-2.716 		181.042
v 5.854 		24.959 		123.471
v -0.375 		16.081 		137.124
v -14.401 		-3.418 		180.236
v -1.575 		15.77 		139.701
v -13.782 		-1.612 		177.932
v 7.939 		24.966 		121.966
v -14.86 		-1.884 		177.659
v 8.628 		20.565 		125.24
v 8.984 		21.618 		124.965
v -15.182 		-0.316 		175.082
v 9.552 		-13.985 		46.23
v 8.433 		-12.567 		45.952
v 4.4 		-1.784 		68.435
v 8.407 		-15.636 		43.652
v 0.261 		-0.106 		67.703
v -17.41 		-0.671 		184.237
v 20.132 		11.381 		191.235
v 8.443 		15.824 		29.909
v 16.808 		2.413 		82.239
v 7.669 		-4.88 		67.22
v -18.861 		-2.894 		185.523
v -19.492 		-3.053 		184.581
v 9.309 		22.578 		124.434
v 8.762 		22.756 		125.216
v 8.978 		13.6 		28.318
v 20.38 		3.991 		82.308
v -18.411 		-0.83 		183.706
v 9.37 		23.46 		123.967
v 9.645 		24.055 		122.928
v 8.716 		13.711 		28.69
v 20.44 		2.391 		79.731
v 8.383 		13.853 		28.986
v 11.92 		21.47 		120.568
v 16.744 		1.138 		79.662
v -1.238 		6.127 		143.431
v -1.707 		5.909 		143.499
v 9.847 		24.415 		121.759
v 9.831 		15 		27.311
v 18.244 		0.995 		77.96
v 17.39 		1.077 		78.719
v 10.717 		15.782 		26.838
v -2.212 		24.704 		133.779
v -2.296 		25.101 		134.85
v 11.418 		22.674 		121.097
v 19.252 		0.898 		77.428
v -0.211 		25.036 		131.202
v 20.359 		0.792 		77.154
v 11.68 		23.269 		120.155
v -1.166 		25.456 		134.523
v -0.26 		25.438 		132.273
v 21.498 		0.683 		77.153
v 9.088 		13.556 		26.514
v 9.222 		14.07 		27.038
v 22.605 		0.577 		77.428
v 10.214 		19.946 		122.663
v -0.26 		25.438 		134.546
v 23.614 		0.481 		77.96
v 9.152 		13.526 		27.89
v -0.211 		25.036 		135.617
v 9.22 		13.498 		27.196
v 8.894 		16.954 		121.856
v 9.752 		18.898 		122.662
v 8.581 		12.929 		26.124
v 11.186 		18.187 		120.085
v -4.174 		24.196 		136.356
v -3.029 		23.821 		134.126
v 9.303 		17.881 		122.389
v 9.968 		4.409 		85.385
v 7.178 		-11.777 		45.179
v 20.102 		9.109 		190.677
v 6.992 		21.04 		127.817
v 9.944 		4.607 		86.903
v 7.845 		24.572 		125.309
v 19.322 		8.756 		191.437
v 7.692 		23.939 		126.251
v 7.253 		22.121 		127.542
v 6.323 		-11.215 		45.028
v 1.889 		22.669 		126.392
v 1.924 		21.559 		126.117
v 4.452 		-11.663 		45.432
v 1.857 		23.683 		126.924
v 16.271 		2.574 		84.578
v 3.8 		24.514 		125.106
v 4.966 		-11.116 		45.333
v 12.339 		13.016 		22.157
v 10.44 		13.191 		24.461
v 6.748 		18.772 		127.037
v 6.724 		19.927 		127.816
v 11.129 		14.063 		24.734
v 4.715 		-11.425 		45.608
v 13.508 		14.25 		22.021
v -3.267 		21.256 		133.986
v -3.73 		22.756 		134.655
v 12.528 		15.834 		24.46
v 9.28 		11.723 		23.17
v -0.595 		17.114 		132.837
v -1.887 		16.78 		135.414
v -0.46 		16.479 		133.78
v 3.877 		-2.636 		66.703
v 16.272 		2.429 		84.655
v -2.438 		18.568 		134.123
v 18.162 		12.532 		189.532
v -2.766 		19.63 		133.849
v 4.618 		16.639 		127.886
v 21.751 		8.26 		185.722
v -4.273 		19.091 		136.426
v 21.064 		9.546 		186.391
v 0.156 		-0.276 		66.184
v 20.772 		10.479 		188.733
v 21.064 		9.546 		188.664
v 4.87 		16.747 		127.661
v -4.707 		20.151 		136.426
v 4.534 		-12.182 		46.248
v 6.006 		17.588 		127.051
v 20.129 		11.385 		188.968
v 19.776 		11.186 		187.897
v 19.21 		10.865 		186.955
v 5.601 		17.317 		127.362
v 16.378 		2.133 		84.876
v 17.458 		12.046 		188.773
v -0.03 		23.539 		129.501
v -1.898 		23.23 		132.078
v 10.414 		0.772 		85.867
v 6.389 		17.539 		126.373
v 4.397 		-11.26 		44.361
v 10.39 		0.971 		85.385
v 6.225 		17.861 		127.01
v 10.351 		1.286 		84.971
v -0.774 		17.953 		132.078
v 10.301 		1.697 		84.653
v 6.411 		17.133 		125.791
v 6.323 		16.813 		125.429
v 10.057 		3.682 		84.653
v -1.216 		20.031 		131.272
v 7.58 		17.467 		124.433
v 17.386 		7.878 		192.243
v -1.455 		21.151 		131.271
v 16.339 		1.177 		80.732
v 8.877 		11.214 		22.227
v -19.957 		-3.45 		182.71
v 7.905 		18.427 		124.966
v -1.686 		22.238 		131.546
v 16.202 		1.19 		81.869
v -19.885 		-3.152 		183.51
v 7.94 		-4.439 		65.289
v 5.622 		-11.035 		44.677
v -19.884 		-1.16 		182.125
v -0.346 		15.947 		135.987
v 7.575 		14.198 		29.289
v 7.995 		14.019 		29.189
v 2.025 		18.291 		126.924
v -1.695 		16.159 		136.357
v 21.829 		7.629 		186.087
v 2.589 		17.517 		126.566
v -0.375 		16.081 		134.85
v 21.447 		7.495 		187.158
v 6.49 		13.316 		29.244
v 15.269 		-8.809 		68.213
v 2.052 		17.434 		127.683
v 14.992 		-9.345 		67.28
v 16.339 		1.177 		83.006
v 2.762 		16.935 		127.007
v 5.847 		-11.012 		45.032
v -19.293 		-5.129 		183.814
v 7.033 		13.727 		29.294
v 3.183 		19.001 		124.455
v -17.931 		-5.695 		183.09
v 15.984 		-9.33 		68.544
v 15.243 		-9.331 		67.63
v -18.159 		-6.878 		185.32
v 2.954 		19.101 		124.819
v -16.786 		-6.256 		183.619
v 1.959 		20.414 		126.118
v 20.566 		5.184 		186.283
v -18.911 		-4.995 		182.743
v 2.766 		18.923 		125.227
v 2.578 		18.349 		125.883
v 5.653 		12.851 		29.003
v 4.272 		13.219 		29.191
v 18.542 		6.479 		189.529
v 19.583 		4.936 		186.814
v -0.423 		1.533 		124.749
v 15.204 		-10.165 		66.705
v 3.659 		22.092 		123.678
v -20.455 		-1.075 		179.698
v 5.321 		21.365 		120.963
v -19.885 		-3.152 		181.237
v 5.935 		12.978 		29.115
v 16.937 		5.918 		189.665
v 5.367 		-10.956 		45.127
v 17.951 		4.524 		187.089
v -20.284 		-1.226 		181.054
v 4.691 		23.563 		123.058
v 4.396 		13.606 		28.121
v 14.415 		-9.085 		66.697
v 6.725 		24.127 		121.242
v 5 		12.822 		28.45
v 14.11 		-9.68 		65.694
v 7.844 		24.572 		120.895
v -19.492 		-3.053 		180.166
v 5.202 		-10.992 		45.193
v 16.458 		3.708 		186.1
v 5.318 		12.771 		28.798
v 7.305 		16.655 		123.674
v 16.495 		3.57 		185.913
v -20.3 		-1.13 		178.66
v 4.378 		-11.124 		43.223
v 13.87 		-8.679 		66.182
v -18.03 		-2.684 		178.464
v -17.047 		-2.436 		177.933
v 15.745 		10.619 		193.995
v 4.858 		15.04 		26.419
v 4.669 		16.402 		123.796
v 5.367 		13.33 		25.966
v 15.939 		11.336 		193.931
v 4.618 		16.639 		123.471
v -19.9 		-1.067 		177.589
v 4.237 		17.054 		123.753
v 4.596 		14.224 		27.178
v 15.965 		-11.023 		66.6
v 4.714 		17.282 		122.529
v -19.059 		-1.929 		177.936
v -0.619 		1.571 		126.267
v 15.666 		-11.315 		65.968
v 15.165 		11.015 		193.894
v 14.576 		10.244 		193.934
v 12.978 		-10.666 		63.117
v 17.94 		-0.375 		179.357
v 12.82 		-8.325 		64.402
v 5.098 		13.526 		26.466
v 19.641 		-0.41 		179.22
v 5.893 		0.217 		86.903
v -17.488 		-4.498 		181.041
v 16.27 		9.712 		193.973
v 13.669 		-11.537 		63.39
v 15.878 		9.026 		193.884
v 4.897 		13.459 		27.03
v 5.712 		-11.432 		43.604
v 4.8 		13.119 		27.816
v 14.347 		9.03 		193.989
v 14.459 		8.966 		193.975
v 14.637 		8.83 		193.946
v 5.857 		-12.065 		42.66
v 3.497 		15.411 		28.996
v 5.152 		20.232 		120.964
v 3.308 		14.574 		29.755
v 14.382 		8.586 		193.909
v 4.989 		19.133 		121.237
v 3.175 		-11.779 		42.843
v 14.382 		-12.433 		63.391
v -16.861 		-0.583 		175.219
v 5.868 		16.396 		120.901
v 22.066 		-0.461 		177.792
v 15.018 		9.992 		193.995
v -18.411 		-0.83 		175.887
v 3.56 		20.395 		123.541
v 13.932 		9.597 		193.92
v 15.073 		-13.304 		63.116
v 23.123 		-0.483 		175.779
v 21.087 		-2.332 		175.975
v 13.925 		8.508 		193.922
v 22.717 		-0.474 		176.85
v 14.063 		8.687 		193.957
v 3.761 		17.999 		123.902
v 1.073 		2.094 		84.453
v 12.955 		-6.658 		62.71
v 13.898 		9.035 		193.944
v 13.431 		8.8 		193.84
v 12.372 		-7.854 		59.045
v 7.71 		-13.49 		43.926
v 8.054 		-14.547 		43.653
v 13.26 		-6.926 		61.638
v 13.453 		8.34 		193.836
v 8.084 		-12.437 		45.597
v 23.123 		-0.483 		173.506
v 23.233 		-1.265 		173.675
v 13.748 		-7.356 		60.694
v 15.269 		-6.826 		62.498
v 21.785 		-3.399 		173.926
v 15.341 		12.422 		193.166
v 15.224 		12.634 		192.802
v 15.729 		12.882 		192.8
v 16.366 		12.85 		193.169
v 3.205 		-12.428 		43.786
v 16.298 		13.083 		192.805
v 22.585 		-2.498 		174.273
v 1.742 		-15.408 		42.774
v 3.291 		-14.297 		45.077
v 3.342 		-15.408 		45.351
v 15.946 		12.375 		193.476
v 3.949 		1.697 		65.703
v 17.587 		-3.553 		174.203
v 3.245 		-13.284 		44.545
v 5.847 		13.761 		24.601
v 18.974 		-2.098 		176.781
v 20.079 		-2.22 		176.506
v 16.248 		13.257 		192.354
v 19.254 		-3.89 		174.066
v 5.905 		12.624 		25.43
v 15.137 		12.792 		192.35
v 5.593 		13.162 		25.544
v -0.851 		-14.917 		131.405
v 16.225 		13.335 		191.876
v -2.178 		-14.782 		128.828
v 15.628 		13.12 		191.867
v 16.731 		-1.85 		176.507
v 4.396 		-11.26 		42.086
v 17.836 		-1.972 		176.78
v 15.099 		12.862 		191.871
v 4.451 		-11.663 		41.014
v 7.987 		12.411 		25.758
v 3.175 		-11.779 		38.429
v 14.392 		-7.922 		59.934
v 16.232 		13.311 		191.392
v 7.051 		13.186 		22.024
v 1.899 		-11.779 		40.266
v 15.111 		12.84 		191.386
v 6.576 		15.483 		23.31
v -2.304 		-15.63 		129.587
v 20.792 		-4.202 		173.397
v -0.789 		-13.862 		129.392
v 16.267 		13.189 		190.924
v -0.813 		-14.268 		130.463
v 6.745 		12.612 		22.967
v 15.689 		12.977 		190.914
v 3.157 		-11.373 		41.773
v 22.717 		-0.474 		172.435
v 15.893 		12.817 		190.485
v 3.542 		18.447 		124.058
v 3.157 		-11.373 		39.499
v 7.842 		11.961 		24.804
v 14.432 		11.953 		192.999
v 22.988 		-2.542 		173.202
v 3.15 		-11.235 		40.636
v 14.919 		11.331 		193.727
v 6.554 		12.254 		24.037
v 14.697 		11.615 		193.485
v 15.789 		12.097 		193.6
v -0.149 		2.309 		104.653
v 1.917 		-11.373 		39.196
v 7.531 		12.164 		25.544
v 4.538 		-12.307 		40.071
v 16.087 		-7.424 		61.965
v -7.907 		0.469 		88.385
v 6.519 		-14.973 		41.089
v 4.79 		-14.161 		38.778
v 3.495 		19.285 		123.814
v 4.94 		-15.263 		38.504
v 12.829 		10.395 		192.888
v 13.509 		11.252 		192.85
v 12.092 		-7.559 		62.389
v 13.687 		11.083 		193.201
v -8.08 		1.873 		87.799
v -8.029 		1.461 		88.117
v 14.17 		10.627 		193.734
v -8.118 		2.188 		87.385
v 2.089 		16.241 		130.833
v 11.997 		-7.46 		61.252
v 6.047 		-12.901 		41.899
v 6.484 		12.14 		25.297
v 6.489 		12.132 		25.174
v 3.325 		16.362 		129.392
v 2.085 		16.378 		131.969
v 12.092 		-7.559 		60.116
v 6.89 		12.032 		25.34
v 0.849 		16.284 		134.546
v 7.545 		11.505 		22.597
v 12.5 		10.367 		192.199
v 13.305 		11.445 		191.947
v 7.62 		11.62 		23.733
v 0.542 		-12.309 		38.632
v 1.871 		-12.428 		41.209
v 12.347 		-9.873 		62.584
v 2.085 		16.378 		129.696
v 0.849 		16.284 		132.273
v 12.644 		10.529 		192.353
v 0.147 		-15.265 		40.197
v 14.244 		12.194 		192.372
v 1.812 		-13.791 		42.234
v 0.294 		-14.164 		39.923
v 22.585 		-2.498 		169.858
v 5.199 		4.718 		26.296
v 22.988 		-2.542 		170.929
v 15.988 		-9.325 		59.125
v 0.865 		16.147 		133.41
v -15.779 		0.096 		88.354
v -15.92 		0.203 		88.253
v 14.192 		12.26 		191.897
v 22.974 		-3.678 		170.663
v 11.071 		-8.266 		58.675
v -19.604 		0.119 		89.024
v 13.291 		-18.103 		53.207
v 13.447 		-17.858 		52.385
v 21.21 		-0.443 		170.733
v 11.157 		-8.374 		59.812
v 16.045 		8.634 		193.714
v 16.233 		8.193 		193.347
v 14.998 		-16.466 		53.891
v -16.792 		0.102 		88.887
v -16.879 		0.723 		87.865
v 11.41 		-8.692 		60.882
v 13.495 		9.913 		193.699
v -17.136 		0.976 		87.546
v 10.732 		-9.983 		59.248
v 13.12 		10.185 		193.347
v 2.67 		5.795 		29.011
v 8.548 		16.17 		121.097
v 13.255 		-17.501 		51.314
v 12.876 		9.635 		193.349
v 8.286 		15.575 		120.155
v -17.904 		0.109 		89.16
v 3.588 		5.402 		29.285
v 12.534 		9.914 		192.806
v 12.565 		9.459 		193.112
v 4.259 		16.359 		127.749
v -21.174 		0.129 		88.355
v 9.064 		-17.658 		52.276
v 8.751 		-16.693 		52.808
v 11.586 		-18.751 		52.081
v 9.529 		-19.091 		50.575
v 2.013 		6.08 		26.275
v 10.25 		-18.126 		52.805
v -8.118 		2.188 		85.385
v 19.641 		-0.41 		170.064
v 11.427 		-18.378 		53.152
v 1.761 		6.186 		27.273
v 17.94 		-0.375 		169.928
v -2.326 		-7.215 		126.267
v -7.907 		0.469 		84.385
v 1.82 		6.16 		27.791
v 16.829 		-0.351 		170.201
v 14.297 		8.192 		193.765
v 17.198 		-5.106 		171.626
v 11.085 		-19.114 		50.196
v 11.586 		-18.751 		49.808
v 13.341 		9.114 		193.769
v -2.393 		-7.202 		125.749
v 9.654 		-19.477 		49.504
v 20.333 		-6.038 		170.82
v 12.457 		8.966 		193.205
v 22.667 		-4.581 		170.625
v 12.309 		8.258 		193.264
v 12.565 		8.383 		193.448
v 19.361 		-5.749 		171.352
v 11.814 		-9.201 		61.825
v 12.06 		-17.354 		49.083
v 11.427 		-18.378 		48.737
v 12.797 		8.615 		193.562
v 18.295 		-5.432 		171.627
v 11.761 		-11.546 		60.54
v 8.786 		-19.889 		47.184
v 9.654 		-19.477 		47.231
v 22.27 		-4.5 		171.696
v 13.054 		8.816 		193.678
v 13.215 		8.568 		193.776
v 12.372 		-12.474 		60.813
v 10.836 		-16.992 		47.035
v 14.958 		-0.312 		177.792
v 13.307 		-13.895 		60.676
v -15.195 		1.381 		85.499
v 12.323 		9.927 		192.344
v 2.69 		5.792 		25.547
v 7.24 		-18.164 		49.699
v 12.804 		10.413 		190.657
v 12.631 		10.538 		191.199
v 13.311 		11.44 		191.473
v 6.89 		-16.633 		50.368
v 13.648 		11.337 		190.571
v 14.394 		18.272 		20.079
v 14.342 		18.13 		21.156
v -16.069 		1.465 		86.131
v 14.937 		-14.652 		61.296
v 14.204 		12.245 		191.416
v 12.447 		18.998 		20.389
v 5.937 		16.199 		124.715
v 16.237 		-14.768 		61.825
v 12.668 		19.337 		21.46
v 14.279 		12.15 		190.95
v 6.462 		-19.176 		47.651
v 7.666 		-20.028 		46.927
v 14.652 		12.149 		190.508
v 5.091 		-16.398 		47.928
v 14.11 		-9.68 		56.811
v 7.576 		-19.633 		47.998
v 12.347 		-9.873 		54.767
v 5.625 		15.995 		124.366
v 4.892 		-17.541 		47.152
v 15.902 		16.779 		18.579
v 12.612 		10.146 		190.666
v -14.75 		1.248 		85.195
v 12.38 		9.781 		190.67
v 5.378 		-18.504 		47.122
v 14.091 		17.812 		17.812
v 14.342 		18.13 		18.883
v 11.629 		8.666 		191.774
v 11.785 		8.714 		192.328
v 12.82 		-8.325 		58.103
v 11.794 		8.224 		192.672
v 15.624 		16.485 		19.65
v -14.854 		1.423 		85.019
v 10.762 		16.423 		18.019
v 9.064 		-17.658 		44.458
v 8.751 		-16.693 		43.927
v 8.994 		16.828 		20.458
v 12.017 		9.372 		192.229
v -14.23 		0.967 		84.84
v 9.994 		18.703 		21.265
v 8.382 		-18.735 		43.932
v 3.225 		16.331 		127.495
v 11.244 		18.956 		20.736
v 9.529 		-19.091 		46.16
v 11.621 		17.737 		18.688
v 14.876 		-10.485 		56.538
v 12.014 		8.938 		192.644
v 11.974 		8.71 		192.725
v 11.976 		8.418 		192.869
v 15.666 		-11.315 		56.537
v -14.208 		1.362 		84.076
v 7.667 		-20.028 		44.656
v 11.157 		-8.374 		57.539
v 5.636 		-20.4 		44.35
v 5.581 		-19.998 		45.421
v 16.22 		16.675 		17.067
v 3.51 		16.226 		127.628
v 13.156 		16.629 		16.111
v 12.209 		8.9 		192.955
v 14.432 		16.657 		15.582
v 3.317 		16.225 		128.256
v 3.94 		16.245 		127.73
v 15.624 		16.485 		15.235
v 4.492 		-18.606 		45.908
v 15.902 		16.779 		16.306
v -13.882 		0.59 		84.581
v 12.155 		9.81 		191.393
v 6.419 		-20.42 		44.172
v 11.845 		9.037 		191.038
v 11.588 		8.503 		191.369
v 7.579 		-19.633 		43.587
v 4.304 		-20.135 		43.787
v -0.65 		-13.852 		127.492
v 17.337 		15.296 		16.002
v 17.034 		15.028 		17.073
v -13.739 		0.21 		84.438
v 11.885 		8.9 		190.788
v 10.152 		-9.1 		57.235
v 17.165 		13.831 		16.726
v 17.094 		12.558 		16.198
v 10.375 		-9.44 		58.305
v -13.735 		0.015 		84.402
v 9.585 		-10.664 		56.671
v -13.866 		0.084 		83.309
v 17.869 		14.895 		14.055
v 15.709 		10.838 		187.966
v 1.692 		-16.551 		42.774
v 17.337 		15.296 		13.729
v 14.767 		10.187 		187.967
v -16.169 		4.551 		81.156
v 9.991 		-11.42 		57.43
v 13.852 		9.555 		188.24
v -15.193 		4.277 		80.623
v 4.882 		9.62 		125.231
v 3.446 		-17.662 		45.077
v 3.395 		-16.551 		45.351
v 4.685 		9.658 		124.749
v 18.309 		13.451 		14.496
v -0.781 		-13.725 		128.256
v 12.313 		8.492 		189.532
v 4.373 		9.718 		124.335
v -14.67 		2.745 		82.442
v 3.972 		-19.502 		44.362
v 18.148 		10.984 		13.618
v -0.436 		-14.053 		127.324
v 17.281 		10.458 		14.149
v 14.705 		8.158 		193.685
v 14.767 		7.869 		193.476
v -14.031 		2.626 		81.499
v 14.923 		7.559 		193.132
v 18.635 		13.692 		13.425
v 1.597 		10.258 		127.163
v 15.981 		7.715 		192.919
v 19.324 		12.954 		11.044
v -1.255 		-13.713 		127.716
v 14.974 		7.321 		192.75
v 17.165 		13.831 		10.428
v 14.387 		7.321 		192.936
v 5.637 		-20.4 		42.077
v 18.635 		13.692 		11.152
v 5.495 		-19.353 		40.066
v -14.922 		0.091 		81.296
v 5.583 		-19.998 		41.007
v -1.584 		-13.802 		127.746
v 18.309 		13.451 		10.081
v 5.38 		-18.504 		39.307
v 2.477 		10.087 		127.681
v 5.244 		-17.499 		38.776
v 17.034 		15.028 		12.658
v 14.308 		-0.299 		176.85
v 7.245 		-18.162 		41.889
v 6.897 		-16.632 		41.223
v -13.803 		1.323 		83.006
v 5.094 		-16.398 		38.502
v -13.666 		1.31 		81.869
v 15.723 		-1.738 		175.974
v -2.112 		-14.089 		127.698
v 19.783 		11.976 		10.847
v -2.083 		-14.139 		127.886
v 13.902 		-0.29 		175.779
v 19.351 		10.564 		11.571
v 19.437 		11.766 		11.918
v 3.562 		-20.181 		38.429
v -13.496 		2.526 		79.292
v 13.902 		-0.29 		173.506
v 19.053 		9.323 		11.044
v 14.871 		-1.644 		175.215
v -13.803 		1.323 		80.732
v -0.002 		-15.266 		126.415
v 17.643 		8.633 		11.712
v 1.022 		10.37 		125.749
v 15.504 		-3.132 		173.397
v 1.535 		-20.181 		40.266
v -14.208 		1.362 		79.662
v 17.094 		12.558 		8.379
v -3.924 		-16.347 		127.548
v 1.563 		-19.53 		41.208
v 13.765 		-0.287 		174.642
v -3.753 		-15.039 		126.533
v 1.6 		-18.675 		41.968
v 20.569 		10.871 		8.032
v 7.097 		16.039 		122.732
v -13.631 		2.551 		80.428
v 14.225 		-1.572 		174.273
v 20.771 		10.165 		8.271
v 21.592 		8.272 		5.694
v 3.581 		-20.586 		39.499
v 20.771 		10.165 		5.998
v 4.009 		-20.702 		41.161
v 1.583 		-20.731 		38.149
v -14.368 		4.045 		79.865
v 14.958 		-0.312 		171.493
v -2.886 		-14.66 		127.436
v 1.517 		-20.586 		39.196
v 3.581 		-20.586 		41.773
v 14.308 		-0.299 		172.435
v -3.601 		-15.078 		126.826
v 0.7 		-11.126 		35.482
v 1.923 		-11.235 		38.059
v 19.783 		11.977 		8.575
v -3.686 		-15.362 		127.015
v -16.314 		9.84 		73.695
v -15.821 		11.584 		70.985
v 19.436 		11.767 		7.504
v 13.685 		-1.513 		172.065
v 5.386 		15.959 		124.164
v -3.317 		-14.966 		127.149
v 1.917 		-11.373 		36.922
v 0.681 		-11.262 		34.345
v 20.407 		9.986 		9.342
v -15.334 		9.249 		73.694
v -14.448 		10.58 		71.121
v 5.74 		15.868 		123.109
v 14.027 		-2.833 		171.695
v 13.821 		-1.528 		173.202
v 1.899 		-11.779 		35.852
v 14.664 		-2.962 		172.638
v 18.147 		10.985 		5.802
v 5.132 		16.019 		123.992
v -13.342 		5.081 		76.345
v -3.749 		-14.293 		125.454
v 0.628 		-11.665 		37.689
v -12.962 		4.937 		75.274
v 14.225 		-1.572 		169.858
v 4.841 		16.22 		123.852
v 16.344 		7.405 		192.242
v 15.815 		-0.33 		170.734
v -3.376 		-13.695 		124.738
v 21.214 		8.127 		6.765
v -13.95 		5.312 		77.287
v 20.606 		7.894 		7.707
v 13.821 		-1.528 		170.929
v 14.021 		7.471 		193.224
v 13.494 		-2.725 		169.488
v -16.101 		7.841 		76.275
v 13.415 		7.279 		193.02
v 14.211 		7.826 		193.548
v 13.618 		7.75 		193.554
v -15.101 		7.355 		76.002
v 17.258 		4.897 		6.695
v 13.579 		8.092 		193.77
v 6.967 		15.654 		121.661
v 13.628 		-2.753 		170.625
v -14.751 		5.617 		78.046
v 18.894 		5.362 		6.558
v 0.681 		-11.262 		36.619
v 20.404 		5.791 		5.89
v 6.923 		15.524 		120.524
v 18.86 		7.224 		8.998
v 17.822 		6.826 		9.273
v -3.24 		-13.5 		124.238
v -13.351 		3.759 		77.851
v -3.092 		-13.504 		124.408
v 5.773 		16.001 		121.972
v 19.806 		7.587 		8.467
v 3.205 		-12.428 		37.486
v 11.814 		-9.201 		55.526
v -13.631 		2.551 		78.155
v 16.133 		-4.789 		171.353
v 1.871 		-12.428 		34.909
v 16.753 		6.416 		9.272
v -14.031 		2.626 		77.085
v 14.34 		-4.257 		170.061
v 11.41 		-8.692 		56.468
v -14.854 		1.423 		78.719
v 3.245 		-13.284 		36.727
v 10.152 		-9.1 		54.962
v 3.342 		-15.408 		35.921
v 15.176 		16.012 		20.592
v 21.087 		-2.332 		168.156
v 10.076 		-8.986 		56.098
v 15.904 		14.03 		18.775
v -15.708 		1.505 		77.96
v 14.587 		15.39 		21.352
v 3.291 		-14.297 		36.195
v 20.079 		-2.22 		167.625
v 9.085 		-9.734 		54.658
v 15.144 		13.359 		19.306
v -13.742 		3.869 		78.922
v 21.785 		-3.399 		167.628
v 14.311 		12.623 		19.581
v 17.836 		-1.972 		167.351
v 0.628 		-11.665 		33.275
v 9.278 		-10.092 		55.728
v -0.045 		-16.083 		125.731
v -13.219 		3.722 		76.715
v 0.542 		-12.309 		32.332
v 8.198 		12.504 		19.447
v -13.351 		3.759 		75.578
v 0.361 		-13.661 		31.307
v 1.79 		-14.297 		33.618
v 18.974 		-2.098 		167.35
v -5.369 		-15.927 		124.966
v 9.831 		15 		17.882
v -14.67 		2.745 		76.142
v 1.742 		-15.408 		33.344
v 0.147 		-15.265 		30.767
v 20.831 		-7.212 		168.772
v -12.222 		7.376 		71.184
v 13.453 		11.865 		19.58
v 22.27 		-4.5 		167.281
v 13.384 		7.866 		193.633
v 12.619 		11.129 		19.307
v 0.267 		-3.679 		29.206
v 22.667 		-4.581 		168.352
v -13.419 		6.536 		74.71
v 22.466 		-6.05 		167.651
v -12.834 		6.252 		73.768
v 8.54 		10.787 		20.02
v 22.166 		-6.583 		168.048
v 8.625 		10.895 		21.156
v 12.485 		7.251 		192.803
v 12.294 		7.498 		193.012
v 11.227 		11.84 		21.618
v 13.219 		7.475 		193.281
v 1.096 		-4.033 		28.692
v 21.777 		-6.467 		169.119
v 10.289 		10.85 		20.592
v 12.705 		7.739 		193.393
v 13.147 		7.72 		193.504
v -12.834 		4.888 		74.138
v 12.542 		-16.173 		57.43
v -12.962 		4.937 		73.001
v 9.563 		10.083 		18.579
v 13.149 		8.102 		193.701
v 15.704 		-14.098 		54.766
v 11.217 		9.891 		18.015
v 1.582 		-4.238 		26.764
v -3.208 		-13.367 		123.102
v -12.779 		7.711 		72.127
v -13.513 		8.153 		72.887
v 9.843 		10.378 		19.65
v 11.537 		-14.3 		58.237
v 10.22 		-15.548 		55.522
v 12.063 		-15.28 		57.962
v 8.625 		10.895 		18.883
v 8.877 		11.214 		17.813
v 10.996 		-13.292 		58.236
v -2.639 		-13.499 		124.041
v -12.469 		6.074 		72.697
v 2.004 		10.179 		124.017
v 2.548 		-19.53 		36.198
v 1.535 		-20.181 		35.852
v 1.6 		-18.675 		34.15
v 3.493 		-18.675 		36.727
v -12.345 		6.014 		71.561
v 9.812 		12.396 		16.111
v 20.792 		-4.202 		165.579
v -13.342 		5.081 		71.931
v 11.129 		14.063 		15.305
v 10.44 		13.191 		15.578
v 11.839 		14.962 		15.304
v -2.362 		-13.666 		123.889
v 3.421 		-17.106 		36.058
v 12.528 		15.834 		15.579
v 22.166 		-6.583 		165.775
v -13.95 		5.312 		70.988
v -2.194 		-13.828 		123.823
v -15.681 		4.414 		72.54
v -2.083 		-14.139 		123.471
v 1.517 		-20.586 		36.922
v 16.673 		-6.619 		169.049
v 3.113 		5.405 		127.481
v -13.742 		3.869 		74.508
v 18.253 		-7.247 		168.912
v 1.644 		-17.662 		33.618
v 15.829 		11.628 		16.867
v -14.368 		4.045 		73.565
v 1.692 		-16.551 		33.344
v 16.33 		9.881 		14.423
v 14.459 		10.621 		17.003
v 15.351 		9.288 		14.422
v 19.712 		-7.826 		168.243
v 13.031 		7.119 		192.704
v -1.755 		-14.46 		123.749
v 19.254 		-3.89 		164.91
v -2.178 		-14.782 		122.529
v 13.564 		9.962 		16.73
v 16.497 		-3.333 		165.047
v 14.4 		8.712 		14.148
v 12.747 		9.361 		16.197
v 17.587 		-3.553 		164.774
v -17.823 		1.708 		86.583
v 12.893 		6.21 		190.416
v -16.457 		1.433 		86.444
v -0.078 		-16.951 		40.06
v 9.28 		11.723 		16.87
v 21.153 		-6.282 		163.762
v 9.469 		9.983 		17.443
v 10.426 		9.192 		16.002
v -0.285 		-18.507 		39.391
v 21.777 		-6.467 		164.704
v -16.908 		1.304 		86.901
v -1.254 		-15.459 		123.873
v 10.73 		9.461 		17.073
v 9.552 		-13.985 		55.659
v -1.032 		-15.93 		124.018
v -17.14 		1.125 		87.299
v -0.629 		-11.441 		35.112
v 9.563 		10.083 		16.306
v 10.47 		-12.312 		57.963
v -0.772 		-12.074 		36.055
v -3.24 		-13.5 		121.965
v -1.681 		-16.1 		37.62
v -3.494 		-16.182 		34.906
v 10.289 		10.85 		14.293
v -1.429 		-14.983 		37.62
v -2.973 		-14.563 		35.043
v 15.221 		-16.804 		54.962
v 15.379 		-16.868 		56.219
v -3.336 		-13.896 		120.894
v 10.323 		9.101 		14.866
v -17.829 		1.641 		86.69
v 12.056 		8.853 		15.438
v 14.998 		-16.466 		58.306
v 11.533 		8.468 		14.496
v 15.221 		-16.804 		57.235
v -1.184 		-13.899 		37.346
v -20.074 		1.869 		86.386
v -20.069 		1.923 		86.309
v 13.447 		-17.858 		54.658
v -0.961 		-12.911 		36.814
v -18.968 		1.756 		86.676
v 10.426 		9.192 		13.729
v 13.255 		-17.501 		55.729
v -4.769 		-14.155 		123.674
v -6.767 		-15.381 		122.389
v 9.843 		10.378 		15.236
v 12.947 		-16.928 		56.671
v -16.508 		3.089 		83.733
v -17.601 		3.293 		84.006
v -4.561 		-13.539 		122.732
v 18.295 		-5.432 		162.196
v 19.361 		-5.749 		162.471
v 7.455 		13.942 		21.265
v -0.539 		-11.044 		34.042
v -19.273 		3.605 		83.87
v -1.861 		-11.106 		32.535
v 7.62 		11.62 		21.46
v -6.358 		-14.454 		121.856
v 7.842 		11.961 		20.39
v -0.509 		-10.91 		32.905
v -23.086 		0.14 		85.582
v -5.75 		-13.075 		120.155
v -22.681 		0.138 		86.653
v -4.431 		-13.154 		121.661
v 0.769 		1.301 		123.817
v -21.082 		1.974 		85.839
v 7.932 		14.837 		20.733
v -2.06 		-11.724 		33.478
v 10.836 		-16.992 		54.853
v 13.534 		8.186 		13.614
v -6.697 		-12.152 		116.507
v -3.801 		0.882 		183.062
v -0.629 		-11.441 		30.698
v 12.339 		13.016 		12.728
v -4.387 		-13.024 		120.524
v 20.333 		-6.038 		163.002
v -22.581 		2.139 		84.107
v -21.932 		2.083 		85.041
v -0.539 		-11.044 		31.768
v 13.508 		14.25 		12.865
v 14.311 		12.623 		10.15
v 17.198 		-5.106 		162.197
v -6.012 		-13.67 		121.097
v -23.086 		0.14 		83.309
v -23.208 		1.045 		83.324
v -1.694 		-10.588 		30.328
v 15.144 		13.359 		10.425
v -1.736 		-10.719 		31.465
v -8.65 		-15.687 		120.085
v 14.587 		15.39 		13.534
v 17.086 		-8.501 		166.631
v 18.031 		-9.096 		166.198
v 18.073 		-9.013 		166.33
v 15.904 		14.03 		10.956
v -11.595 		0.255 		182.004
v -1.024 		-17.895 		132.97
v -12.237 		0.153 		182.946
v -3.057 		-10.662 		29.958
v 12.619 		11.129 		10.424
v -3.311 		-11.261 		30.901
v -3.927 		-16.346 		118.66
v 13.453 		11.865 		10.151
v -22.297 		4.171 		81.499
v -3.689 		-15.361 		119.193
v 12.017 		7.595 		192.858
v -21.435 		5.01 		81.153
v -3.645 		-12.05 		31.659
v -22.696 		4.245 		80.428
v -1.123 		-19.592 		132.834
v 12.058 		7.837 		193.02
v 12.244 		7.968 		193.211
v 11.86 		10.458 		10.957
v -4.041 		-12.983 		32.192
v -3.488 		-14.527 		119.952
v -20.388 		5.738 		80.624
v 11.217 		9.891 		11.716
v -4.474 		-14.007 		32.465
v -2.453 		-16.633 		130.12
v 11.533 		8.468 		10.081
v 10.73 		9.461 		12.659
v -5.586 		-12.704 		119.084
v 21.113 		-8.383 		166.542
v -2.785 		-18.865 		130.394
v -4.431 		-13.154 		119.388
v 21.489 		-8.532 		165.471
v 11.585 		7.833 		192.323
v -4.561 		-13.539 		118.317
v 11.64 		7.643 		192.362
v 11.835 		7.913 		192.766
v -17.904 		0.109 		79.731
v 18.971 		-9.483 		165.772
v 11.205 		8.228 		11.152
v 11.732 		7.481 		192.409
v -1.783 		-2.798 		26.261
v -19.604 		0.119 		79.868
v 11.932 		7.388 		192.586
v 20.653 		-10.396 		162.92
v -1.97 		-2.719 		26.742
v 20.725 		-10.572 		161.628
v 11.205 		8.228 		13.425
v -7.208 		-13.077 		118.52
v -2.036 		-2.691 		27.259
v 21.113 		-8.383 		162.127
v 11.509 		7.932 		192.061
v 21.713 		-8.357 		164.64
v 21.489 		-8.532 		163.198
v -22.982 		2.201 		83.005
v 11.508 		7.611 		191.871
v 12.747 		9.361 		8.38
v -4.769 		-14.155 		117.375
v 14.459 		10.621 		7.574
v -20.816 		3.894 		83.201
v 15.829 		11.628 		7.711
v 11.666 		7.342 		191.901
v -6.894 		-12.508 		117.577
v 11.786 		7.262 		192.053
v 11.935 		7.201 		192.197
v -22.681 		0.138 		82.238
v -5.586 		-12.704 		116.811
v 16.678 		-10.374 		163.758
v 12.439 		8.588 		8.141
v 12.113 		7.157 		192.33
v -5.531 		-12.578 		117.947
v 13.477 		8.448 		6.196
v 11.469 		7.992 		191.676
v -21.174 		0.129 		80.537
v -14.255 		1.35 		181.661
v -15.364 		1.274 		181.934
v 11.778 		8.123 		190.475
v 11.523 		7.958 		191.226
v -22.982 		2.201 		80.732
v -22.972 		3.46 		80.312
v 11.5 		7.706 		191.437
v 13.51 		8.819 		6.587
v 11.524 		7.564 		191.589
v -6.697 		-12.152 		114.234
v -21.98 		1.117 		80.008
v -22.578 		2.163 		79.661
v -7.678 		-11.392 		112.793
v 13.442 		8.919 		6.804
v 11.984 		6.774 		190.105
v -6.631 		-12.032 		115.37
v 13.362 		8.959 		6.97
v 13.069 		8.926 		7.388
v -11.595 		0.255 		177.589
v -7.983 		-11.842 		115
v -11.194 		0.318 		178.66
v -7.755 		-11.506 		113.93
v -21.583 		8.215 		75.274
v -11.335 		1.551 		178.356
v -0.661 		-3.276 		25.336
v -2.948 		-19.964 		130.119
v -19.418 		8.403 		76.758
v -11.058 		0.34 		179.797
v -17.63 		8.585 		76.139
v -1.489 		-2.923 		25.848
v 12.056 		8.853 		9.139
v 12.457 		7.042 		187.898
v -1.137 		-23.221 		128.499
v -6.894 		-12.508 		113.163
v -6.012 		-13.67 		114.798
v -5.75 		-13.075 		115.74
v -7.208 		-13.077 		112.221
v -1.302 		-22.664 		130.463
v -2.243 		-21.915 		130.116
v -1.325 		-23.069 		129.392
v 13.437 		6.573 		10.284
v 14.931 		5.216 		188.859
v 12.873 		6.397 		9.643
v 14.207 		6.95 		11.043
v 12.801 		7.742 		12.855
v 14.122 		4.933 		188.1
v -6.358 		-14.454 		114.039
v 12.528 		6.031 		189.34
v -3.097 		-20.967 		129.588
v -1.214 		-21.159 		132.165
v -20.397 		9.931 		73.768
v 12.473 		5.824 		187.862
v -19.812 		9.646 		74.71
v -19.427 		11.712 		71.19
v -6.767 		-15.381 		113.506
v 18.011 		-11.204 		163.089
v 16.116 		7.885 		11.849
v -18.135 		10.936 		72.89
v 19.715 		-9.912 		164.946
v 15.888 		5.551 		189.392
v 20.301 		-10.195 		164.018
v -10.016 		-14.852 		117.508
v -10.657 		-15.801 		117.509
v -17.267 		10.413 		73.421
v 11.095 		8.146 		12.289
v 13.769 		7.785 		186.196
v -0.706 		-16.501 		124.351
v 11.897 		7.194 		10.841
v -21.583 		8.215 		73.001
v -0.772 		-12.074 		29.755
v -20.788 		10.375 		71.277
v 13.023 		7.362 		186.955
v 19.291 		-12.001 		161.388
v 12.245 		7.405 		11.912
v -0.426 		-16.696 		124.769
v -20.761 		10.108 		72.697
v 18.181 		-12.469 		161.041
v -1.858 		-10.749 		28.748
v -1.736 		-10.719 		29.191
v 16.673 		-6.619 		159.62
v 16.318 		4.112 		186.815
v 18.253 		-7.247 		159.756
v 11.78 		7.122 		9.703
v 12.132 		6.732 		9.618
v 14.656 		4.178 		186.704
v -9.394 		-13.931 		117.235
v -0.219 		-16.53 		125.199
v -8.827 		-13.091 		116.702
v -11.194 		0.318 		180.933
v -1.709 		-11.19 		28.4
v -4.185 		-17.428 		127.82
v -9.008 		-11.083 		112.423
v -11.74 		1.523 		179.427
v 12.871 		6.043 		185.899
v -6.092 		-18.065 		125.24
v 12.53 		6.026 		187.054
v 12.673 		5.55 		186.362
v -9.419 		-11.587 		113.366
v -3.791 		-10.701 		29.204
v -6.448 		-19.118 		124.965
v 19.712 		-7.826 		160.425
v -4.454 		-18.541 		127.82
v 14.085 		6.123 		9.383
v -15.404 		2.875 		179.357
v -2.872 		-10.371 		29.244
v -13.244 		1.42 		181.128
v 14.836 		5.924 		8.98
v 15.715 		6.018 		8.999
v 12.761 		5.177 		186.601
v -12.389 		1.478 		180.369
v 20.644 		-10.415 		160.621
v -4.715 		-19.621 		127.545
v 13.509 		4.719 		187.158
v -6.773 		-20.078 		124.434
v 19.635 		-12.215 		160.317
v 15.04 		5.754 		8.64
v -11.722 		-12.039 		112.081
v 12.97 		4.927 		186.711
v -17.808 		6.78 		78.853
v 14.924 		5.48 		8.118
v -2.525 		-10.348 		29.177
v -12.422 		2.812 		177.792
v -16.738 		6.373 		78.852
v 14.398 		5.174 		7.455
v -2.255 		-10.397 		29.08
v 13.671 		4.504 		186.795
v -12.376 		-15.218 		114.794
v -14.073 		-14.45 		112.08
v -13.297 		-13.655 		112.355
v 12.572 		6.164 		5.683
v -21.839 		6.146 		78.922
v -15.3 		4.472 		176.78
v -20.595 		7.84 		77.287
v -14.195 		4.35 		176.507
v -15.051 		6.053 		174.203
v 12.103 		6.842 		188.968
v -13.188 		4.238 		175.974
v -1.728 		-11.969 		27.78
v 12.792 		6.879 		5.67
v -12.335 		4.144 		175.215
v -8.347 		-12.381 		115.943
v -22.696 		4.245 		78.155
v -22.487 		5.837 		77.301
v -11.302 		-13.899 		114.931
v -6.235 		-11.856 		27.955
v -5.421 		-11.327 		28.277
v -22.229 		6.255 		77.851
v 13.223 		7.829 		5.877
v 13.532 		8.189 		5.803
v -22.297 		4.171 		77.084
v -5.152 		-11.319 		28.602
v -4.919 		-11.442 		29.082
v -12.237 		0.153 		176.647
v 15.67 		3.934 		186.469
v -6.743 		-4.296 		107.799
v 16.189 		4.593 		6.422
v -21.204 		8.071 		76.345
v -11.335 		1.551 		176.083
v 15.214 		4.317 		5.889
v -4.644 		-11.124 		28.94
v -22.229 		6.255 		75.578
v -6.132 		-10.722 		26.505
v 13.589 		5.027 		6.748
v -6.686 		-11.57 		27.038
v 5.813 		4.218 		185.795
v 20.104 		-9.041 		159.896
v 6.127 		3.045 		186.727
v -1.325 		-23.069 		127.119
v 13.202 		5.068 		6.432
v -4.486 		-9.692 		25.942
v 20.282 		-10.232 		159.55
v -3.378 		-22.86 		126.815
v -3.319 		-22.459 		127.886
v 12.864 		5.211 		6.144
v -16.716 		1.602 		77.428
v -17.823 		1.708 		77.154
v 12.694 		5.376 		5.979
v 17.039 		-8.595 		157.042
v 18.031 		-9.096 		157.317
v -18.962 		1.817 		77.153
v -1.264 		-22.014 		125.106
v -11.366 		2.79 		175.779
v -20.069 		1.923 		77.428
v -1.302 		-22.664 		126.048
v 12.582 		5.603 		5.839
v -5.035 		-10.088 		26.523
v 1.808 		-0.441 		185.795
v -21.078 		2.019 		77.96
v -3.551 		-22.974 		125.488
v -3.378 		-22.86 		124.542
v 12.547 		5.932 		5.726
v -2.63 		-1.884 		104.067
v -11.198 		1.56 		177.22
v -3.409 		-0.582 		186.727
v 11.791 		7.761 		9.025
v 11.73 		7.405 		9.283
v -11.773 		2.799 		176.85
v -5.459 		-10.722 		27.276
v -5.403 		-22.466 		124.239
v 11.785 		7.125 		9.451
v -5.308 		-22.072 		125.31
v -5.385 		-21.381 		125.942
v -12.101 		-6.33 		193.946
v -11.846 		-6.086 		193.909
v 12.016 		8.171 		8.656
v -12.04 		-7.744 		193.934
v -11.32 		-6.153 		193.933
v -11.74 		1.523 		175.012
v -5.557 		-11.046 		27.689
v -7.023 		-3.99 		107.481
v -11.396 		-7.097 		193.92
v -11.366 		2.79 		173.506
v -1.123 		-19.592 		123.678
v -2.616 		-17.732 		120.964
v -11.229 		2.787 		174.642
v -10.895 		-6.3 		193.84
v -2.633 		-13.505 		25.887
v -2.785 		-18.865 		120.963
v -7.237 		-3.756 		105.067
v -2.507 		-12.94 		26.055
v -11.689 		4.072 		174.273
v -1.024 		-17.895 		123.541
v -2.453 		-16.633 		121.237
v -1.681 		-16.1 		28.19
v -11.19 		-5.66 		193.803
v -1.184 		-13.899 		28.464
v -2.22 		-12.997 		26.592
v -12.389 		1.478 		174.07
v -1.971 		-12.693 		27.085
v -0.961 		-12.911 		28.996
v -21.658 		4.051 		76.142
v -1.429 		-14.983 		28.19
v -7.216 		-16.398 		122.662
v -7.678 		-17.446 		122.663
v -17.239 		4.852 		72
v -18.341 		5.162 		71.999
v -5.396 		-12.337 		29.615
v -7.295 		-12.5 		27.311
v -10.958 		5.225 		169.488
v -4.897 		-6.31 		107.067
v -11.092 		5.253 		170.625
v -4.762 		-6.457 		106.585
v -2.156 		-21.063 		123.058
v -6.842 		-12.788 		28.176
v -4.716 		-6.508 		106.067
v -21.756 		8.151 		74.289
v -13.734 		-7.212 		193.973
v -13.21 		-8.119 		193.995
v -13.342 		-6.526 		193.884
v -14.331 		-7.344 		193.953
v -12.128 		5.462 		172.638
v -11.802 		6.762 		170.051
v -7.469 		-13.746 		28.124
v -6.458 		-14.328 		29.889
v -21.839 		6.146 		74.507
v -21.204 		8.071 		71.93
v -7.922 		-13.458 		27.312
v -20.602 		4.816 		74.094
v -11.491 		5.333 		171.695
v -5.112 		-6.076 		104.653
v 18.936 		-9.553 		157.848
v -5.392 		-5.77 		104.335
v -5.718 		-5.415 		104.135
v -12.482 		-7.492 		193.995
v -3.223 		-21.815 		122.529
v -6.981 		-15.309 		29.614
v -3.319 		-22.459 		123.471
v 19.291 		-12.001 		156.973
v 19.635 		-12.215 		158.044
v -14.661 		7.61 		171.619
v -13.595 		7.294 		171.345
v -21.212 		5.969 		73.565
v -15.758 		7.936 		171.621
v 5.622 		3.277 		9.657
v 16.941 		-12.765 		160.512
v -4.018 		-9.754 		24.037
v -5.925 		-22.477 		122.476
v -12.624 		7.006 		170.811
v 19.51 		-12.673 		158.616
v 18.468 		-13.917 		157.74
v -7.256 		-21.506 		122.732
v 4.777 		5.09 		7.657
v 5.199 		4.184 		9.389
v -15.543 		-7.979 		193.822
v -7.047 		-20.89 		123.674
v -11.689 		4.072 		169.858
v -14.927 		-7.883 		193.953
v 18.145 		-13.673 		158.811
v -11.773 		2.799 		172.435
v -14.589 		-8.171 		193.995
v -16.508 		3.089 		74.85
v 16.678 		-10.374 		154.602
v -17.601 		3.293 		74.577
v -5.309 		-22.072 		120.894
v -11.285 		4.028 		170.929
v -15.241 		-7.606 		193.827
v 4.89 		4.847 		6.657
v -6.417 		-4.651 		104.135
v 18.738 		-11.657 		156.031
v -11.285 		4.028 		173.202
v 17.476 		-11.985 		153.983
v -11.149 		4.013 		172.065
v -5.404 		-22.466 		121.965
v -3.953 		-9.632 		25.174
v -7.385 		-21.89 		121.661
v -6.743 		-4.296 		104.335
v -11.02 		-3.825 		191.003
v -15.364 		1.274 		172.505
v -15.404 		2.875 		169.928
v -14.255 		1.35 		172.778
v 16.851 		-15.235 		156.233
v 18.083 		-14.635 		155.605
v -4.897 		-6.31 		105.067
v 17.152 		-15.507 		155.163
v -12.422 		2.812 		171.493
v -13.244 		1.42 		173.311
v -8.536 		-19.39 		121.857
v 18.468 		-13.917 		155.467
v 6.045 		2.37 		9.388
v -9.758 		-4.998 		193.012
v -10.072 		-4.967 		193.14
v -9.144 		-20.769 		120.155
v 6.438 		1.527 		8.174
v -16.506 		1.196 		181.935
v -9.522 		-5.337 		193.02
v -9.709 		-5.468 		193.211
v -19.273 		3.605 		74.714
v -10.169 		-5.239 		193.393
v 16.856 		20.104 		112.424
v 17.625 		-13.281 		153.454
v -15.686 		16.397 		63.551
v -9.44 		-5.918 		192.869
v 6.354 		1.708 		6.657
v 17.152 		-15.507 		152.889
v -9.76 		-5.791 		193.244
v 16.609 		16.95 		112.08
v 18.145 		-13.673 		154.396
v -3.457 		-10.052 		25.303
v 6.22 		1.996 		6.242
v -7.016 		16.485 		55.659
v 6.045 		2.371 		5.925
v 17.067 		20.635 		110.429
v -9.929 		-6.125 		193.324
v 16.227 		-1.794 		167.89
v 5.842 		2.806 		5.725
v -7.684 		18.048 		55.522
v -3.726 		-9.768 		25.418
v 18.37 		18.756 		109.847
v 14.871 		-1.644 		168.916
v 5.403 		3.747 		5.725
v 17.112 		20.418 		111.353
v -12.105 		18.422 		59.248
v -3.645 		-12.05 		23.842
v -10.771 		16.395 		60.676
v -9.396 		-4.888 		192.586
v 17.317 		17.676 		111.548
v -9.196 		-4.981 		192.409
v 14.027 		-2.833 		167.281
v -8.972 		-5.111 		191.871
v 13.628 		-2.753 		168.352
v -9.624 		-4.782 		192.648
v 18.653 		19.046 		108.776
v -9.052 		-4.983 		192.036
v 17.112 		20.418 		109.08
v -2.928 		-11.519 		25.367
v 13.327 		-3.956 		168.048
v -20.535 		0.92 		178.356
v -9.25 		-4.762 		192.053
v -3.22 		-10.517 		25.26
v 18.588 		17.571 		109.5
v -17.105 		2.91 		179.22
v 13.717 		-4.071 		169.118
v 16.856 		20.104 		108.009
v -18.65 		1.997 		179.84
v 15.114 		-3.11 		165.773
v -7.904 		-10.691 		24.461
v -19.53 		2.961 		177.792
v -10.004 		-4.615 		192.552
v -7.276 		-9.896 		23.928
v 14.295 		-3.093 		166.367
v -19.481 		0.992 		180.369
v 20.51 		17.225 		104.406
v -5.662 		-10.004 		25.747
v -20.13 		0.948 		179.427
v -5.307 		-9.461 		24.804
v 13.83 		-3.217 		166.673
v -13.701 		17.268 		61.825
v -12.401 		17.152 		61.296
v -8.993 		-5.665 		192.046
v -9.142 		-5.924 		192.302
v 13.495 		-3.423 		166.886
v 21.59 		8.67 		5.02
v -4.201 		-9.62 		25.712
v -8.999 		-5.848 		191.766
v 21.592 		8.273 		3.423
v -16.824 		8.252 		171.347
v -8.973 		-5.432 		192.061
v -9.131 		-5.529 		192.488
v 13.256 		-3.758 		167.042
v -17.796 		8.541 		170.816
v -14.106 		17.778 		60.883
v -9.258 		-5.724 		192.672
v -15.94 		16.715 		62.435
v 17.144 		8.388 		2.419
v -9.104 		-5.143 		192.362
v -9.299 		-5.413 		192.766
v -6.744 		-9.223 		23.17
v 20.407 		9.986 		4.927
v -16.718 		6.39 		174.066
v -16.438 		4.598 		176.781
v -6.342 		-8.714 		22.227
v 19.053 		9.323 		3.225
v -5.084 		-9.12 		23.733
v 19.351 		10.565 		5.274
v -17.543 		4.72 		176.506
v -18.257 		6.702 		173.397
v -15.634 		16.446 		59.045
v -5.009 		-9.005 		22.597
v -9.257 		-6.116 		192.449
v -18.551 		4.832 		175.975
v -15.914 		16.74 		60.116
v -19.249 		5.899 		173.926
v 21.853 		6.202 		4.188
v 21.454 		5.066 		3.841
v -4.209 		-10.112 		22.967
v -14.792 		17.922 		59.231
v -20.049 		4.998 		174.273
v -11.851 		-4.821 		192.936
v -4.515 		-10.686 		22.024
v -11.485 		-4.971 		193.224
v -10.879 		-4.779 		193.02
v -11.504 		-4.705 		192.821
v -14.358 		18.096 		59.812
v -10.683 		-4.975 		193.281
v -20.13 		0.948 		175.012
v 22.376 		6.375 		2.009
v -4.921 		-15.062 		23.036
v 22.243 		6.313 		3.117
v -4.474 		-14.007 		23.036
v -3.494 		-16.182 		25.75
v -10.006 		18.673 		57.43
v -9.524 		19.854 		55.382
v 20.063 		17.539 		106.199
v 18.877 		19.02 		107.418
v 14.699 		-5.834 		168.243
v 18.653 		19.046 		106.503
v -10.415 		-4.964 		193.234
v -8.3 		19.492 		54.853
v 21.213 		8.129 		2.353
v -2.653 		-12.64 		25.776
v 20.605 		7.897 		1.413
v -2.973 		-14.563 		25.613
v -10.719 		20.001 		55.729
v 19.755 		17.276 		107.27
v 13.182 		-4.19 		167.108
v -10.911 		20.358 		54.658
v 13.356 		-4.978 		167.037
v 22.321 		4.229 		1.611
v -9.527 		17.78 		57.962
v 13.705 		-5.783 		166.763
v -11.082 		-5.25 		193.554
v -9.001 		16.8 		58.237
v -20.181 		2.974 		176.85
v -10.611 		-5.22 		193.504
v -2.713 		-12.441 		25.666
v -9.085 		-15.237 		26.506
v 13.622 		-6.67 		165.465
v -9.344 		-16.088 		26.072
v 14.179 		-7.005 		165.904
v -10.514 		-5.526 		193.65
v -20.535 		0.92 		176.083
v -10.711 		-5.679 		193.753
v -14.358 		18.096 		57.539
v 18.997 		1.867 		1.542
v -10.972 		-11.75 		22.021
v 17.627 		3.339 		4.118
v 17.857 		1.755 		1.541
v -10.244 		-5.703 		193.58
v -8.593 		-11.563 		24.734
v -10.308 		-6.009 		193.608
v -12.462 		18.966 		58.306
v -9.804 		-10.516 		22.157
v -12.685 		19.304 		57.235
v 19.844 		3.76 		3.844
v 20.84 		3.949 		3.312
v -13.168 		16.598 		54.766
v 20.063 		17.539 		103.926
v -14.106 		17.778 		56.468
v -11.555 		-15.312 		22.227
v -11.151 		-14.801 		23.169
v -11.336 		-13.51 		22.64
v -9.303 		-12.462 		24.735
v -11.761 		-5.692 		193.765
v 17.317 		17.676 		103.73
v -12.169 		-5.658 		193.685
v 22.719 		4.305 		0.54
v -12.843 		19.368 		56.219
v -12.231 		-5.369 		193.476
v -12.685 		19.304 		54.962
v 22.243 		6.313 		0.844
v 22.5788 		5.2865 		0
v 18.37 		18.756 		105.432
v 22.4427 		5.5956 		0
v -11.675 		-5.326 		193.548
v 22.248 		5.8848 		0
v 22.7382 		4.7975 		0
v 21.9357 		6.2255 		0
v 21.8368 		6.3308 		0
v 21.7967 		6.3715 		0
v 21.5439 		6.5486 		0
v -2.149 		-18.173 		36.814
v -1.925 		-17.184 		37.346
v 21.2366 		6.7144 		0
v 13.182 		21.799 		118.52
v 20.8483 		6.9185 		0
v -0.538 		-20.402 		36.619
v -10.496 		-4.619 		192.704
v -1.368 		-19.182 		37.343
v 22.789 		4.2018 		0
v -0.485 		-20.001 		37.689
v 12.991 		23.257 		116.453
v -11.795 		-4.193 		191.771
v 13.693 		22.723 		116.507
v 16.7734 		6.5348 		0
v 16.7149 		6.5062 		0
v 20.4231 		7.0384 		0
v 19.9982 		7.1326 		0
v 19.805 		7.592 		0.655
v 18.858 		7.229 		0.125
v -20.702 		1.339 		176.686
v 19.0171 		7.1403 		0
v -20.587 		2.983 		173.506
v 18.8337 		7.1408 		0
v 18.2008 		7.006 		0
v 13.497 		22.368 		117.578
v -20.697 		3.765 		173.675
v 18.2528 		7.01 		0
v -9.998 		-7.414 		192.806
v -3.975 		-17.676 		34.237
v -20.587 		2.983 		175.779
v -0.538 		-20.402 		34.345
v 20.8306 		1.3657 		0
v -13.612 		-7.986 		103.817
v 21.0304 		1.4867 		0
v 21.9608 		2.1771 		0
v 21.9559 		2.1719 		0
v -10.029 		-6.959 		193.112
v 22.1558 		2.4485 		0
v 22.3793 		2.7943 		0
v 22.5029 		2.975 		0
v -20.452 		5.042 		173.202
v -2.48 		-19.643 		35.112
v -7.755 		-11.506 		111.657
v 22.5811 		3.14 		0
v 22.6815 		3.4925 		0
v 9.921 		24.39 		119.388
v 22.7844 		3.8602 		0
v 10.771 		24.236 		119.464
v 22.8026 		4.0656 		0
v -9.673 		-6.4 		192.955
v 11.844 		23.64 		119.084
v 20.2639 		1.1848 		0
v -7.983 		-11.842 		110.586
v 19.7998 		0.9951 		0
v 16.8928 		0.89 		0
v 16.751 		1.646 		1.268
v 17.3409 		0.8688 		0
v 15.025 		-7.578 		166.199
v 9.792 		24.006 		118.317
v 15.08 		-7.468 		166.41
v 18.3458 		0.7907 		0
v -19.734 		7 		171.696
v 18.7952 		0.8346 		0
v 14.399 		8.714 		5.27
v 16.017 		-8.079 		166.472
v -0.833 		-20.507 		35.137
v -20.049 		4.998 		169.858
v 15.35 		9.29 		4.997
v -20.452 		5.042 		170.929
v 16.329 		9.884 		4.996
v 13.878 		-6.223 		166.482
v -0.485 		-20.001 		33.275
v 9.309 		22.578 		116.615
v -9.922 		-6.466 		193.205
v -20.439 		6.178 		170.663
v 10.5 		23.032 		116.087
v -20.131 		7.081 		170.625
v 12.854 		6.287 		4.927
v 11.844 		23.64 		116.811
v 13.437 		6.573 		3.985
v -8.665 		-10.661 		110.216
v -8.752 		-10.767 		111.353
v -15.905 		13.988 		67.739
v -9.964 		-7.867 		192.199
v 12.009 		19.675 		119.948
v 13.815 		19.222 		117.234
v -10.108 		-8.029 		192.353
v 13.232 		4.235 		4.08
v -9.242 		-6.312 		192.207
v -11.899 		9.457 		68.702
v -9.962 		-10.234 		109.846
v -19.506 		1.977 		172.782
v -20.181 		2.974 		172.435
v 12.908 		4.776 		4.232
v 14.383 		20.062 		116.702
v -9.481 		-6.872 		192.229
v -16.506 		1.196 		172.504
v -9.787 		-7.427 		192.344
v 12.979 		4.98 		3.441
v -10.415 		-10.699 		110.789
v 13.193 		18.301 		117.509
v -17.105 		2.91 		170.064
v -11.014 		-11.313 		111.548
v -17.615 		1.12 		172.779
v 11.93 		16.431 		117.235
v 13.422 		4.954 		2.001
v -9.479 		-6.438 		192.644
v -11.562 		8.552 		68.62
v -9.438 		-6.21 		192.725
v 13.966 		5.357 		1.424
v 12.552 		17.352 		117.508
v -18.674 		2.943 		170.733
v 14.207 		6.95 		3.226
v -3.212 		-20.033 		32.125
v -18.627 		1.051 		173.31
v -2.57 		-20.039 		34.042
v 13.693 		22.723 		114.234
v 15.097 		22.053 		113.441
v 13.89 		-6.563 		166.05
v 15.227 		21.311 		115.001
v 16.116 		7.885 		2.42
v 15.453 		21.647 		113.93
v -9.093 		-6.166 		191.774
v 13.182 		21.799 		112.221
v -15.932 		16.417 		157.74
v 13.497 		22.368 		113.163
v 15.54 		2.943 		3.312
v 14.39 		4.082 		5.13
v -0.285 		-18.507 		31.573
v -1.368 		-19.182 		31.044
v -0.078 		-16.951 		30.904
v 14.697 		2.784 		2.553
v -13.198 		16.723 		157.935
v 13.765 		3.905 		4.187
v -11.393 		-9.668 		108.059
v 14.059 		2.663 		1.61
v -2.57 		-20.039 		31.768
v -10.065 		-9.628 		107.945
v -11.864 		18.067 		155.358
v -11.176 		17.322 		155.89
v 8.806 		21.091 		115.946
v -10.293 		-7.895 		192.888
v -8.421 		16.697 		153.587
v 10.663 		20.963 		113.507
v -9.678 		-9.943 		108.776
v -10.959 		-7.413 		193.699
v 13.241 		3.756 		1.98
v -11.634 		-8.127 		193.734
v -10.422 		16.506 		156.164
v -2.48 		-19.643 		30.698
v -10.584 		-7.685 		193.347
v -9.459 		18.044 		153.45
v 11.072 		21.89 		114.038
v -5.161 		-18.15 		32.189
v 11.68 		23.269 		115.74
v -5.75 		-17.019 		31.66
v -10.341 		-7.135 		193.349
v 14.0342 		4.4091 		0
v -6.338 		-18.407 		29.958
v -13.551 		9.924 		70.848
v 14.186 		4.6406 		0
v 14.766 		5.663 		0.664
v -10.518 		-6.316 		193.678
v 14.5967 		5.0548 		0
v 14.8918 		5.3224 		0
v 15.712 		6.026 		0.129
v 15.2843 		5.6187 		0
v 15.6503 		5.894 		0
v 16.1994 		6.2122 		0
v 15.7664 		5.9719 		0
v -8.752 		-10.767 		109.08
v -4.561 		-19.497 		31.464
v -10.805 		-6.614 		193.769
v -4.437 		-19.111 		32.535
v 15.316 		1.505 		0.355
v 15.7575 		1.1879 		0
v 15.3714 		1.2938 		0
v -9.008 		-11.083 		108.009
v -15.932 		16.417 		155.467
v -15.547 		17.135 		155.605
v 13.374 		3.794 		0.844
v -14.616 		18.007 		155.163
v -2.149 		-18.173 		28.996
v 13.7301 		4.0119 		0
v -1.925 		-17.184 		28.464
v 13.6821 		3.8815 		0
v -12.848 		11.377 		68.296
v -9.052 		-6.003 		191.369
v 13.5088 		3.4942 		0
v 13.4526 		3.2744 		0
v -8.933 		-5.492 		191.676
v 13.4434 		3.0265 		0
v 13.4592 		2.8378 		0
v -13.139 		17.997 		155.887
v -14.315 		17.735 		156.233
v 13.66 		2.587 		0.54
v 13.5959 		2.5747 		0
v -8.987 		-5.458 		191.226
v 16.356 		-3.888 		164.073
v -7.861 		-16.959 		28.323
v 13.6953 		2.3462 		0
v -8.964 		-5.206 		191.437
v 13.8031 		2.2167 		0
v -8.988 		-5.064 		191.589
v -12.587 		12.047 		67.243
v 14.0652 		1.9643 		0
v 14.1733 		1.8739 		0
v -6.496 		-18.78 		28.887
v 15.0276 		1.4768 		0
v -14.616 		18.007 		152.889
v 16.185 		-3.531 		164.711
v -12.971 		11.71 		68.099
v -5.529 		-19.313 		29.114
v 15.2015 		1.3691 		0
v -12.975 		12.025 		67.764
v 15.88 		-3.344 		165.09
v -3.978 		17.475 		50.509
v -4.561 		-19.497 		29.191
v -9.567 		-4.342 		191.241
v -12.887 		19.174 		153.656
v -4.233 		18.591 		50.509
v -13.448 		11.83 		68.544
v -6.528 		20.158 		52.276
v -4.437 		-19.111 		28.12
v -6.993 		21.591 		50.575
v -9.242 		-5.623 		190.475
v -8.168 		-17.534 		27.381
v -13.592 		-11.666 		109.777
v -6.215 		19.193 		52.808
v -9.448 		-4.274 		190.105
v -11.133 		14.037 		63.39
v -10.442 		13.166 		63.117
v -7.758 		-18.356 		26.102
v -11.362 		8.721 		166.517
v -12.544 		-9.898 		107.905
v -5.871 		18.136 		53.083
v -12.163 		8.334 		168.243
v -11.846 		14.933 		63.391
v -2.841 		21.005 		47.121
v -2.957 		21.853 		46.362
v -12.34 		12.985 		65.967
v 15.653 		20.185 		114.654
v -8.347 		-12.381 		109.644
v -14.595 		15.354 		65.162
v -8.65 		-15.687 		110.656
v -8.827 		-13.091 		108.885
v 15.904 		18.935 		114.125
v -9.394 		-13.931 		108.352
v 13.838 		16.399 		114.931
v -4.706 		20.663 		49.702
v -10.016 		-14.852 		108.079
v -4.896 		21.498 		48.941
v -13.389 		13.563 		66.514
v -10.268 		-7.913 		190.657
v -10.095 		-8.038 		191.199
v 14.912 		17.718 		114.794
v -7.118 		21.977 		49.504
v -9.619 		-7.31 		191.393
v -10.657 		-15.801 		108.078
v -9.31 		-6.537 		191.038
v -11.637 		11.531 		66.377
v -10.076 		-7.646 		190.666
v -11.574 		12.18 		65.694
v -6.496 		-18.78 		26.614
v -9.845 		-7.281 		190.67
v 15.006 		-4.4 		163.23
v -9.349 		-6.4 		190.788
v -16.052 		-15.071 		109.5
v -5.041 		22.133 		47.999
v -15.834 		-16.256 		109.847
v -4.237 		-18.492 		27.179
v -5.131 		22.528 		46.927
v -7.714 		20.626 		46.506
v -11.003 		10.919 		65.795
v 15.926 		-4.169 		163.57
v -14.781 		-15.176 		111.548
v -7.118 		21.977 		47.231
v -16.075 		-13.795 		108.971
v -6.25 		22.389 		47.184
v -13.509 		-6.134 		193.714
v -4.862 		-17.348 		25.13
v -13.697 		-5.693 		193.347
v -12.387 		-5.059 		193.132
v -10.636 		10.389 		65.406
v -13.445 		-5.215 		192.919
v -14.418 		-5.911 		193.232
v 9.303 		17.881 		113.506
v -14.85 		-5.378 		192.243
v -12.44 		-4.818 		192.745
v -14.461 		-12.411 		109.778
v 9.752 		18.898 		113.233
v 12.744 		-6.049 		164.202
v 8.261 		19.48 		115.81
v -2.86 		16.626 		48.717
v -3.731 		16.391 		50.236
v 10.214 		19.946 		113.232
v 12.627 		-5.798 		163.912
v -13.808 		-4.905 		192.242
v -10.384 		9.715 		65.023
v -11.634 		9.523 		165.866
v -6.084 		-17.808 		24.601
v -6.338 		-18.407 		25.543
v -8.168 		-17.534 		22.966
v -14.897 		-6.577 		193.517
v -11.419 		9.033 		166.195
v -9.642 		-9.795 		107.74
v -10.358 		9.285 		64.839
v -2.7 		17.163 		48.454
v -16.263 		-7.237 		192.981
v -15.643 		-7.252 		193.516
v -15.067 		-6.347 		193.25
v -15.997 		-7.683 		193.5
v -10.386 		9.141 		64.791
v -9.533 		-9.897 		107.631
v -11.068 		9.201 		165.395
v -8.358 		-17.891 		26.31
v -2.758 		16.999 		48.555
v -9.836 		10.354 		63.46
v -15.721 		-6.646 		193.005
v -11.15 		8.221 		166.811
v 6.721 		19.927 		118.391
v 7.58 		17.467 		116.616
v 6.222 		17.861 		119.198
v 7.305 		16.655 		117.375
v -2.4 		17.764 		47.926
v 7.905 		18.427 		116.083
v -1.719 		17.843 		46.824
v -12.041 		8.82 		63.257
v -14.64 		-6.925 		193.779
v -12.489 		10.078 		166.199
v -12.535 		9.985 		166.376
v -2.427 		17.445 		47.994
v -9.391 		-10.267 		107.249
v -15.53 		11.526 		166.309
v -15.495 		11.596 		166.198
v -2.554 		18.898 		47.927
v -14.543 		11.016 		166.606
v -15.718 		9.747 		168.912
v 12.705 		-5.327 		163.469
v -11.091 		8.376 		64.75
v -2.133 		17.178 		47.496
v 7.489 		23.107 		119.195
v 12.773 		-5.238 		163.399
v -11.586 		-2.433 		188.1
v -13.481 		10.579 		166.472
v 6.021 		17.028 		119.957
v -14.137 		9.119 		169.049
v -9.712 		-16.626 		25.104
v 13.174 		-4.944 		163.203
v -10.133 		-16.837 		23.733
v 13.946 		-4.654 		163.113
v -9.876 		-17.171 		23.09
v -8.358 		-17.891 		24.037
v -1.848 		16.589 		46.934
v -12.708 		13.985 		161.318
v -11.794 		13.296 		161.318
v -2.631 		17.303 		48.335
v -10.129 		-3.236 		188.664
v 13.053 		-6.389 		164.688
v 13.355 		-6.735 		164.907
v -7.307 		-7.878 		19.65
v -9.885 		-3.436 		188.122
v -15.475 		13.704 		163.089
v -15.646 		14.969 		161.041
v 12.775 		-6.442 		163.964
v -7.027 		-7.583 		18.579
v -4.48 		19.675 		50.234
v -10.55 		8.804 		64.716
v -14.142 		12.874 		163.758
v -13.595 		14.655 		161.044
v -10.31 		9.074 		63.827
v 15.453 		21.647 		111.657
v -7.684 		18.048 		46.366
v -10.703 		8.631 		64.703
v -6.933 		-7.483 		17.443
v -7.027 		-7.583 		16.306
v -10.906 		12.626 		161.044
v 15.227 		21.311 		110.586
v 13.298 		-5.277 		162.127
v 12.768 		21.049 		111.461
v -14.38 		8.678 		64.533
v 13.902 		-5.517 		161.184
v -11.325 		11.12 		163.355
v -11.365 		-1.909 		186.778
v -7.89 		-6.692 		13.729
v -10.763 		9.076 		164.987
v -10.819 		9.235 		164.907
v -10.755 		20.603 		53.207
v -15.332 		9.251 		64.261
v 16.133 		-4.789 		162.47
v -8.891 		20.878 		53.152
v 12.552 		17.352 		108.079
v -10.239 		8.942 		163.964
v -9.051 		21.251 		52.081
v -9.419 		-11.587 		107.066
v -7.307 		-7.878 		15.236
v 13.193 		18.301 		108.078
v 14.383 		20.062 		108.884
v -10.004 		-3.179 		187.528
v 15.653 		20.185 		108.355
v -9.61 		-10.944 		106.442
v -16.313 		9.842 		64.261
v -10.012 		-3.487 		186.966
v 13.815 		19.222 		108.353
v -10.175 		-3.304 		186.228
v -10.346 		8.733 		164.41
v -9.96 		-12.251 		106.308
v -10.111 		8.371 		163.963
v 10.404 		16.771 		111.195
v -10.137 		-2.937 		186.495
v 11.93 		16.431 		108.352
v -10.167 		10.399 		162.33
v -6.077 		6.417 		68.635
v -5.825 		6.828 		68.435
v 11.186 		18.187 		110.656
v -10.771 		16.395 		51.52
v -10.973 		-2.219 		187.158
v 12.009 		19.675 		110.792
v -12.193 		-8.382 		104.966
v -10.599 		-2.295 		186.771
v -9.876 		8.759 		162.894
v -9.615 		10.055 		161.387
v -11.634 		17.706 		52.189
v 13.838 		16.399 		105.502
v -10.351 		-2.513 		186.706
v -7.89 		-6.692 		16.002
v -9.754 		8.697 		161.757
v -7.253 		4.499 		67.703
v -10.719 		20.001 		51.314
v -7.787 		-6.601 		14.866
v 14.912 		17.718 		105.638
v -10.911 		20.358 		52.385
v -10.376 		-3.647 		185.887
v 15.904 		18.935 		106.307
v -7.087 		4.77 		68.117
v -13.352 		-3.051 		189.392
v -12.903 		17.845 		54.238
v -9.324 		-7.958 		18.774
v -8.681 		-7.391 		18.015
v 18.611 		16.295 		108.971
v -16.006 		-3.979 		189.529
v -12.699 		11.975 		163.895
v -12.462 		18.966 		53.891
v -8.194 		-6.961 		17.073
v -8.997 		-5.968 		14.496
v -14.401 		-3.418 		189.665
v -10.525 		-9.038 		103.925
v -10.518 		-8.98 		104.072
v -13.754 		-1.112 		185.928
v -8.891 		20.878 		48.737
v -15.415 		-2.024 		187.089
v -10.996 		-5.689 		13.62
v -9.051 		21.251 		49.808
v -9.521 		-6.353 		15.438
v -8.549 		21.614 		50.196
v -2.75 		5.048 		166.113
v -11.863 		-6.214 		14.153
v -2.666 		5.229 		165.631
v -13.782 		-1.612 		186.815
v -10.665 		-8.66 		104.114
v 17.419 		15.273 		109.64
v -13.354 		-1.315 		186.273
v -12.425 		-1.578 		186.603
v -10.775 		-8.531 		104.161
v -10.995 		-8.373 		104.265
v 12.703 		-7.899 		162.33
v -12.231 		-7.687 		187.967
v 20.986 		15.701 		104.729
v -11.316 		-7.055 		188.24
v -11.395 		-8.268 		104.478
v -11.923 		-8.121 		17.003
v 20.803 		13.213 		103.817
v -9.777 		-5.992 		189.532
v -9.001 		16.8 		48.806
v -10.406 		-10.063 		104.224
v -12.814 		-6.79 		14.426
v -9.527 		17.78 		49.081
v -3.905 		2.572 		166.845
v -13.793 		-7.384 		14.427
v -10.006 		18.673 		49.612
v 20.46 		15.316 		105.662
v -14.744 		-7.96 		14.152
v -10.412 		19.428 		50.372
v -7.253 		4.499 		65.703
v 19.744 		14.846 		106.467
v -8.3 		19.492 		47.035
v -10.02 		-11.303 		105.652
v -5.307 		-9.461 		20.39
v -7.393 		4.27 		66.703
v 19.449 		12.419 		104.486
v -3.045 		22.498 		45.42
v 18.95 		14.214 		106.926
v -3.1 		22.9 		44.349
v -11.008 		-11.319 		103.746
v -7.753 		-8.35 		20.592
v 18.003 		13.627 		107.31
v -10.292 		-11.247 		105.059
v 17.113 		12.904 		107.2
v -10.409 		-10.745 		104.528
v -3.883 		22.92 		44.172
v -1.339 		22.662 		43.241
v -2.637 		5.291 		165.113
v -6.09 		-8.395 		21.156
v 18.913 		14.266 		107.017
v -6.004 		-8.287 		20.02
v -0.957 		21.175 		44.545
v -6.348 		5.975 		64.703
v -1.351 		22.009 		44.251
v -5.084 		-9.12 		21.46
v -9.921 		-4.542 		187.898
v 17.982 		11.56 		104.623
v -13.693 		-9.312 		106.172
v -13.563 		-10.115 		107.572
v 16.586 		10.742 		104.083
v -5.13 		22.528 		44.654
v -9.567 		-4.342 		188.968
v 12.412 		-6.259 		162.894
v -14.018 		-9.709 		106.605
v -5.04 		22.133 		43.583
v -6.993 		21.591 		46.16
v 12.29 		-6.197 		161.757
v -11.233 		-5.285 		186.196
v 9.744 		15.577 		118.52
v 11.362 		15.591 		116.702
v 12.151 		-7.555 		161.387
v -14.093 		-10.04 		107.059
v -0.91 		20.162 		45.077
v -0.755 		16.797 		45.077
v -14.569 		-10.416 		107.222
v 9.233 		14.652 		116.507
v -11.874 		7.166 		70.113
v 9.43 		15.008 		117.577
v -5.518 		17.047 		43.653
v -4.919 		-11.442 		21.265
v -11.756 		7.096 		68.976
v -7.016 		16.485 		46.23
v -5.662 		-10.004 		19.447
v -3.263 		3.947 		163.181
v -14.074 		-9.513 		193.808
v -6.09 		-8.395 		18.883
v -5.871 		18.136 		43.652
v -6.342 		-8.714 		17.813
v -13.403 		-8.836 		193.931
v -14.222 		-9.002 		193.969
v -14.047 		-8.585 		193.995
v 14.258 		14.539 		112.081
v 5.26 		-2.73 		165.631
v -12.629 		-8.515 		193.894
v 15.034 		15.335 		112.354
v -11.457 		7.652 		68.27
v 15.833 		16.155 		112.355
v -5.396 		-12.337 		20.733
v -7.295 		-12.5 		17.882
v 6.076 		-0.979 		167.113
v -6.458 		-14.328 		20.458
v -12.989 		-8.759 		105.54
v 5.344 		-2.549 		166.113
v -15.522 		-8.555 		193.919
v 10.882 		14.881 		115.943
v -13.087 		-8.822 		105.62
v -7.458 		-16.203 		21.265
v -11.896 		7.247 		67.532
v -14.487 		-8.498 		104.349
v 10.519 		14.342 		115
v -15.42 		-8.835 		193.957
v -14.984 		-8.768 		193.995
v -6.744 		-9.223 		16.87
v -7.753 		-8.35 		14.293
v -11.607 		7.373 		67.957
v -15.446 		-9.06 		104.623
v 8.548 		16.17 		114.798
v -15.071 		-9.109 		193.966
v -14.861 		-9.355 		193.915
v -11.435 		7.974 		68.46
v 8.286 		15.575 		115.74
v -7.276 		-9.896 		16.111
v 6.076 		-0.979 		163.113
v 9.233 		14.652 		114.234
v -7.904 		-10.691 		15.578
v -12.469 		6.074 		70.424
v 6.499 		-0.073 		163.381
v -11.302 		-13.899 		105.502
v -10.769 		-8.945 		191.947
v -12.834 		6.252 		69.354
v -10.084 		-8.629 		19.307
v -14.751 		5.617 		70.229
v 9.167 		14.532 		115.37
v -10.917 		-9.365 		19.58
v -10.973 		-8.752 		192.85
v -11.775 		-10.123 		19.581
v 5.478 		-2.261 		163.699
v -11.151 		-8.583 		193.201
v -15.698 		5.977 		69.696
v -15.832 		-16.258 		105.435
v -11.896 		-9.453 		192.999
v 5.231 		-2.791 		165.113
v 10.291 		14.006 		113.93
v -12.608 		-10.859 		19.306
v -14.778 		-15.18 		103.737
v -13.368 		-11.53 		18.775
v 5.344 		-2.549 		164.113
v -12.161 		-9.115 		193.485
v -12.376 		-15.218 		105.638
v 9.43 		15.008 		113.163
v -11.858 		-15.772 		20.079
v -11.806 		-15.63 		21.156
v -11.708 		-9.694 		192.372
v -13.419 		6.536 		68.411
v -11.657 		-9.76 		191.897
v 10.214 		13.892 		112.793
v -12.346 		7.314 		66.873
v 9.744 		15.577 		112.221
v -10.775 		-8.94 		191.473
v -11.113 		-8.837 		190.571
v -14.645 		7.133 		67.386
v -11.668 		-9.745 		191.416
v 11.955 		14.087 		113.366
v -11.743 		-9.65 		190.95
v 13.861 		-8.62 		163.355
v 13.442 		-10.126 		161.044
v -12.116 		-9.649 		190.508
v -16.101 		7.841 		66.846
v -18.363 		-12.179 		104.65
v 11.544 		13.583 		112.423
v -11.806 		-15.63 		18.883
v -17.434 		-12.019 		105.926
v 14.33 		-10.796 		161.318
v -12.805 		-9.922 		193.166
v -12.689 		-10.134 		192.802
v -13.253 		-9.597 		193.6
v -8.226 		-13.923 		18.019
v -13.41 		-9.875 		193.476
v 15.244 		-11.485 		161.318
v -16.407 		-11.723 		106.942
v -17.392 		-10.2 		104.349
v -11.555 		-15.312 		17.812
v 8.122 		15.204 		116.811
v 6.967 		15.654 		119.388
v 16.131 		-12.155 		161.044
v 8.067 		15.078 		117.947
v -9.085 		-15.237 		18.688
v -11.676 		8.151 		64.932
v -12.383 		-8.831 		193.727
v -17.219 		-14.776 		107.27
v 15.235 		-9.475 		163.895
v -17.527 		-15.039 		106.199
v 15.025 		-7.578 		157.316
v -13.366 		-14.279 		18.579
v -13.088 		-13.985 		19.65
v 7.097 		16.039 		118.317
v -12.64 		-13.512 		20.592
v 16.017 		-8.079 		157.043
v 12.412 		-6.259 		160.62
v 8.122 		15.204 		119.084
v -12.333 		7.925 		65.349
v 12.775 		-6.442 		159.55
v -16.292 		-8.476 		193.557
v 12.498 		12.734 		109.846
v -17.974 		-14.725 		104.406
v -15.954 		-8.877 		193.793
v -3.905 		2.572 		163.381
v -17.527 		-15.039 		103.926
v 13.355 		-6.735 		158.607
v -6.215 		19.193 		43.927
v -6.528 		20.158 		44.458
v -12.549 		7.455 		66.45
v 14.699 		-5.834 		160.426
v -17.932 		-12.805 		105.644
v -18.464 		-13.181 		104.699
v 12.951 		13.199 		110.789
v -1.473 		23.202 		41.161
v 14.514 		12.783 		108.971
v -1.045 		23.086 		41.773
v 13.55 		13.813 		111.548
v -12.777 		7.714 		65.822
v -12.6 		7.729 		65.793
v -3.1 		22.9 		42.077
v 11.806 		-7.34 		160.317
v -8.593 		-11.563 		15.305
v 11.689 		-7.268 		159.18
v -3.046 		22.498 		41.006
v -3.926 		21.676 		41.352
v 12.151 		-7.555 		156.973
v -4.456 		-18.54 		118.386
v 11.806 		-7.34 		158.043
v 16.128 		14.166 		109.777
v -4.327 		1.666 		165.113
v -6.773 		-20.078 		116.615
v -1.045 		23.086 		39.499
v 12.703 		-7.899 		156.03
v -4.955 		-20.606 		119.192
v -6.102 		-21.164 		118.664
v 10.291 		14.006 		111.657
v -1.026 		22.681 		38.429
v -11.179 		6.577 		169.107
v 11.201 		13.161 		110.216
v -11.366 		8.017 		167.484
v -7.385 		-21.89 		119.388
v 12.485 		-11.283 		158.467
v -2.842 		21.004 		39.304
v -13.293 		-9.128 		16.867
v 12.633 		-9.516 		160.512
v -6.742 		12.592 		55.728
v -7.256 		-21.506 		118.317
v -15.611 		-8.485 		13.621
v -10.789 		6.461 		168.036
v -4.704 		20.664 		41.881
v -7.934 		14.812 		57.963
v 13.309 		-12.029 		158.741
v -5.725 		-16.98 		115.81
v -7.216 		-16.398 		113.233
v -3.728 		16.391 		41.349
v -7.455 		13.92 		57.43
v 11.288 		13.267 		111.353
v -3.975 		17.475 		41.076
v -2.251 		16.662 		38.772
v -14.558 		-10.058 		16.198
v -2.401 		17.764 		38.498
v -6.27 		-18.591 		115.946
v -7.678 		-17.446 		113.232
v -7.049 		13.164 		56.671
v 11.097 		-10.027 		157.176
v -14.629 		-11.331 		16.726
v -11.491 		5.333 		167.281
v 11.949 		-9 		159.753
v -11.092 		5.253 		168.352
v -15.773 		-10.951 		14.496
v -8.127 		-18.463 		113.507
v -7.54 		11.486 		56.098
v 11.43 		-8.608 		158.81
v -6.55 		12.234 		54.658
v -7.616 		11.6 		57.235
v -9.303 		-12.462 		15.304
v 11.105 		-8.363 		157.74
v -9.473 		-17.175 		119.948
v -11.279 		-16.722 		117.234
v -11.151 		-14.801 		16.87
v -10.663 		6.424 		167.08
v -15.059 		-10.215 		193.465
v -14.679 		-9.819 		193.73
v -7.616 		11.6 		54.962
v 14.57 		-13.17 		158.604
v -9.992 		-13.334 		15.579
v -11.847 		-17.562 		116.702
v -7.839 		11.94 		58.305
v -10.62 		-14.129 		16.111
v -10.649 		6.766 		167.11
v 15.734 		-14.223 		157.935
v -4.354 		19.133 		41.212
v -10.232 		-18.549 		119.28
v -2.555 		18.898 		38.498
v -10.863 		7.565 		167.018
v -10.646 		-19.299 		118.52
v -9.836 		14.974 		60.813
v -9.811 		12.373 		62.584
v -13.366 		-14.279 		16.306
v 14.291 		-8.888 		154.739
v -13.088 		-13.985 		15.235
v 13.431 		-8.352 		155.272
v -15.359 		-9.822 		193.698
v -13.684 		-14.175 		17.067
v -11.157 		-20.223 		116.507
v -14.801 		-12.796 		13.729
v -8.196 		12.483 		59.248
v -15.333 		-12.395 		14.055
v -15.647 		-9.456 		193.795
v 15.235 		-9.475 		154.466
v -10.961 		-19.868 		117.578
v -14.801 		-12.796 		16.002
v -12.128 		5.462 		166.339
v -15.516 		-10.185 		193.419
v -15.718 		-10.009 		193.492
v -8.235 		-21.736 		119.464
v 10.739 		-11.604 		155.358
v -14.498 		-12.528 		17.073
v -15.25 		14.671 		58.631
v 10.519 		14.342 		110.586
v -11.527 		5.645 		166.505
v 10.616 		-9.591 		156.233
v 10.314 		-9.318 		155.163
v -11.075 		5.838 		166.8
v 10.995 		-8.281 		156.603
v -10.845 		6.037 		166.949
v -16.28 		-9.503 		193.495
v -9.308 		-21.14 		116.811
v -10.455 		-20.757 		116.453
v -15.908 		-9.72 		193.595
v -2.705 		20 		38.772
v -9.308 		-21.14 		119.084
v -2.228 		-2.59 		7.657
v -14.195 		4.35 		167.624
v 11.105 		-8.363 		155.466
v -13.176 		5.795 		165.215
v -15.3 		4.472 		167.351
v -13.193 		-10.382 		192.8
v -13.83 		-10.35 		193.169
v -2.65 		-1.686 		9.387
v -5.591 		13.144 		53.151
v -13.762 		-10.583 		192.805
v -5.846 		13.742 		54.094
v -13.712 		-10.757 		192.354
v -13.188 		4.238 		168.157
v 10.157 		-10.974 		154.599
v -5.174 		15.99 		52.808
v -12.602 		-10.292 		192.35
v -12.335 		4.144 		168.916
v 9.717 		-10.497 		153.656
v -13.689 		-10.835 		191.876
v -13.092 		-10.62 		191.867
v -14.307 		12.586 		59.113
v 11.949 		-9 		153.453
v 10.882 		14.881 		109.644
v -12.563 		-10.362 		191.871
v 11.362 		15.591 		108.885
v 10.212 		-9.226 		154.026
v -3.073 		-0.778 		5.657
v -10.719 		9.433 		61.621
v -2.342 		-2.347 		6.657
v 11.43 		-8.608 		154.396
v -10.413 		9.165 		62.691
v -2.257 		-2.528 		7.139
v -4.861 		15.026 		52.276
v -9.278 		11.701 		61.825
v 12.07 		12.395 		107.976
v 10.314 		-9.318 		152.889
v -14.604 		-10.727 		192.832
v -8.536 		-19.39 		114.038
v -8.874 		11.192 		60.882
v -14.637 		-10.331 		193.34
v -15.078 		-10.574 		193.084
v -11.157 		-20.223 		114.234
v -4.597 		14.211 		51.517
v -9.556 		10.059 		62.389
v -5.431 		12.77 		52.081
v 15.675 		-15.497 		155.887
v -9.461 		9.96 		61.252
v -4.396 		13.593 		50.574
v -15.564 		-10.543 		193.015
v -8.882 		-20.174 		114.798
v 12.958 		-14.006 		156.164
v -5.378 		12.644 		50.944
v -15.343 		-10.284 		193.371
v 13.712 		-14.822 		155.89
v -16.189 		-10.436 		192.813
v 14.4 		-15.567 		155.358
v -6.742 		12.592 		51.314
v 11.427 		-12.348 		155.89
v -9.556 		10.059 		60.116
v 10.957 		-14.197 		153.587
v -15.091 		-10.834 		192.629
v -6.485 		12.113 		53.521
v -15.099 		-10.982 		192.126
v -8.535 		10.766 		58.675
v -6.55 		12.234 		52.385
v -10.961 		-19.868 		113.163
v 12.181 		-13.165 		156.164
v -7.839 		11.94 		53.891
v -15.651 		-10.921 		192.044
v 11.995 		-15.544 		153.45
v -8.621 		10.874 		59.812
v -16.06 		-10.549 		192.734
v -3.505 		15.403 		49.704
v 11.288 		13.267 		109.08
v 11.816 		12.741 		107.786
v -11.851 		10.428 		59.919
v -15.958 		-10.815 		192.16
v -3.329 		14.633 		49.02
v 15.423 		-16.674 		153.656
v 11.952 		12.512 		107.915
v -3.07 		15.682 		48.947
v -12.733 		9.326 		62.498
v 11.544 		13.583 		108.009
v -16.372 		-10.547 		192.406
v -12.612 		11.096 		59.387
v 12.214 		12.443 		108.776
v -14.448 		10.58 		61.692
v 16.851 		-15.235 		151.819
v -12.384 		5.598 		165.895
v -13.447 		11.83 		59.114
v 12.488 		12.189 		108.06
v 5.145 		-3.465 		146.431
v -15.372 		11.256 		61.691
v 13.497 		12.075 		107.973
v -16.269 		11.912 		61.966
v 13.863 		12.225 		108.212
v -10.162 		7.848 		163.471
v -9.811 		12.373 		54.767
v -13.696 		-10.811 		191.392
v -12.575 		-10.34 		191.386
v -10.531 		7.506 		163.229
v 4.045 		-3.978 		147.363
v -10.969 		7.307 		163.145
v -8.46 		15.792 		58.236
v -13.368 		-16.435 		114.125
v -13.731 		-10.689 		190.924
v -13.118 		-17.685 		114.654
v -11.702 		7.075 		163.125
v -13.153 		-10.477 		190.914
v -12.562 		-19.553 		113.441
v -3.957 		13.274 		48.676
v -14.32 		-17.604 		112.424
v -13.357 		-10.317 		190.485
v -12.691 		-18.811 		115.001
v -3.488 		14.14 		48.984
v -15.186 		15.975 		58.103
v -12.918 		-19.147 		113.93
v -14.582 		-10.993 		191.68
v -15.1 		-11.01 		191.603
v -14.592 		-10.871 		190.976
v -12.34 		12.985 		56.538
v -15.784 		-10.835 		191.172
v -15.615 		-10.704 		190.737
v -16.179 		-10.624 		190.978
v -13.13 		13.815 		56.537
v -15.73 		-10.918 		191.559
v -9.144 		-20.769 		115.74
v -13.896 		14.62 		56.812
v -16.072 		-10.82 		191.701
v -10.762 		7.777 		162.127
v -1.717 		16.067 		46.546
v 16.158 		12.328 		107.072
v -10.284 		10.825 		58.103
v -12.943 		6.781 		163.392
v 12.785 		14.947 		105.918
v -9.278 		11.701 		55.526
v -13.482 		6.601 		163.691
v -11.574 		12.18 		56.811
v -15.084 		-10.706 		190.608
v -14.565 		-10.655 		190.542
v 13.125 		15.149 		105.492
v -10.901 		-4.073 		10.284
v 1.825 		-5.013 		144.913
v -9.473 		-17.175 		110.792
v -13.748 		6.383 		164.081
v -16.162 		-10.402 		190.474
v -15.051 		6.053 		164.774
v -8.874 		11.192 		56.468
v -11.279 		-16.722 		108.353
v -8.621 		10.874 		57.539
v -13.962 		5.833 		165.047
v -13.669 		6.106 		164.577
v -11.486 		-18.785 		110.933
v 2.006 		-4.929 		146.431
v -15.626 		-10.032 		189.532
v -10.232 		-18.549 		111.461
v -14.922 		-9.546 		188.773
v -7.934 		14.812 		49.08
v -13.173 		-8.338 		187.966
v -4.27 		13.206 		49.504
v -5.591 		13.144 		48.737
v -15.759 		7.932 		162.196
v -18.304 		13.4 		68.614
v 13.381 		15.126 		105.059
v -12.625 		7.001 		163.003
v -16.548 		14.553 		66.979
v -13.597 		7.289 		162.47
v -5.431 		12.77 		49.808
v -16.457 		-8.187 		193.343
v -16.79 		-8.057 		192.882
v -17.566 		-6.609 		190.677
v -14.662 		7.606 		162.197
v -18.159 		-6.878 		189.735
v -4.168 		13.104 		48.475
v -19.593 		12.487 		68.266
v -18.632 		13.639 		67.543
v -7.622 		13.474 		154.599
v -17.088 		12.51 		70.316
v 13.449 		14.753 		104.65
v -7.455 		13.92 		49.613
v -7.049 		13.164 		50.371
v 13.353 		14.177 		104.36
v -18.324 		12.196 		70.843
v -7.778 		11.818 		155.163
v -7.676 		11.726 		154.026
v 13.234 		13.68 		104.215
v -6.381 		14.996 		46.769
v -19.774 		11.921 		70.12
v -7.181 		12.997 		153.656
v -5.846 		13.742 		47.794
v -8.08 		12.091 		156.233
v -10.234 		-3.929 		9.649
v 13.009 		12.594 		104.07
v -5.015 		13.87 		46.429
v -16.786 		-6.256 		191.437
v -7.778 		11.818 		152.889
v -10.727 		-3.793 		9.593
v -20.397 		9.931 		69.353
v 11.757 		13.146 		107.533
v -20.203 		8.743 		69.7
v -4.46 		13.057 		48.13
v -8.561 		12.527 		157.176
v -17.047 		-2.436 		186.814
v -18.03 		-2.684 		186.283
v -12.034 		15.67 		158.604
v -19.774 		11.922 		67.846
v -5.017 		13.607 		46.958
v -9.949 		13.783 		158.467
v -18.236 		-7.979 		188.733
v -8.559 		-5.646 		12.289
v 12.226 		14.344 		106.603
v 11.909 		13.749 		107.1
v -4.652 		13.134 		47.848
v -17.63 		8.585 		66.983
v -10.773 		14.529 		158.741
v -18.528 		-7.046 		188.664
v -19.041 		9.272 		67.651
v -9.707 		-4.908 		11.919
v -8.669 		-5.728 		13.425
v -20.761 		10.108 		70.424
v -10.263 		-5.245 		12.861
v -11.847 		-17.562 		108.884
v -19.215 		-5.76 		185.722
v -14.405 		15.265 		160.512
v -18.528 		-7.046 		186.391
v -15.609 		16.173 		158.811
v -17.037 		14.983 		66.037
v -12.918 		-19.147 		111.657
v -14.531 		-18.135 		110.429
v -14.576 		-17.918 		109.08
v -18.304 		13.4 		64.199
v -17.779 		13.016 		63.257
v -19.293 		-5.129 		186.087
v -16.117 		-16.546 		108.776
v -18.911 		-4.995 		187.158
v -8.194 		-6.961 		12.659
v -10.097 		12.016 		160.512
v -18.632 		13.639 		65.27
v -9.413 		11.5 		159.753
v -8.681 		-7.391 		11.716
v -14.576 		-17.918 		111.353
v -18.185 		14.463 		65.254
v -12.691 		-18.811 		110.586
v -9.27 		9.84 		160.317
v -8.997 		-5.968 		10.081
v -8.196 		12.483 		52.949
v -17.342 		15.25 		64.966
v -11.133 		14.037 		53.961
v -9.154 		9.768 		159.18
v -8.669 		-5.728 		11.152
v -14.32 		-17.604 		108.009
v -9.876 		8.759 		160.62
v -10.239 		8.942 		159.55
v 16.207 		12.259 		106.926
v -16.116 		-16.547 		106.504
v -12.537 		15.804 		54.235
v -19.426 		11.713 		66.774
v -16.341 		-16.52 		107.418
v -18.868 		11.378 		65.831
v -9.242 		-4.626 		9.712
v -9.313 		-4.51 		9.512
v -8.46 		15.792 		48.807
v -9.359 		-4.697 		10.848
v -9.836 		14.974 		51.384
v -17.611 		11.724 		63.784
v -13.368 		-16.435 		106.307
v -14.643 		-16.446 		105.781
v -9.225 		14.046 		51.657
v -17.266 		10.414 		64.537
v 13.442 		-10.126 		152.162
v 13.309 		-12.029 		149.311
v 14.33 		-10.796 		151.888
v -16.738 		6.373 		69.423
v -9.501 		-4.308 		9.594
v -1.372 		6.513 		48.753
v 15.244 		-11.485 		151.888
v -11.288 		-8.06 		101.348
v -0.919 		6.678 		48.953
v -12.163 		8.334 		160.426
v -9.788 		-4.112 		9.648
v -19.795 		7.535 		70.229
v -16.8 		-8.348 		193.015
v 9.137 		-11.835 		152.022
v -16.466 		-8.95 		193.473
v -11.671 		-4.45 		11.043
v -16.548 		14.553 		60.68
v 8.741 		-11.32 		151.079
v -8.569 		10.863 		157.74
v -16.948 		-8.944 		192.933
v -17.037 		14.983 		61.622
v 10.616 		-9.591 		151.819
v -17.341 		15.25 		62.693
v -10.819 		9.235 		158.607
v -16.947 		-9.264 		192.91
v -9.615 		10.055 		156.973
v 11.097 		-10.027 		150.876
v -1.655 		15.503 		46.166
v -16.579 		16.281 		62.242
v -16.638 		-9.237 		193.281
v -16.777 		-9.553 		193.036
v -16.755 		-9.841 		192.889
v -9.324 		-7.958 		10.957
v -16.547 		-9.489 		193.301
v 9.441 		-10.198 		152.586
v -1.677 		14.931 		45.811
v -13.58 		-5.385 		11.849
v 9.347 		-10.098 		151.449
v -16.403 		-10.125 		192.999
v -9.27 		9.84 		158.043
v -15.107 		-6.133 		11.712
v -1.856 		13.761 		44.35
v -8.894 		11.108 		158.81
v -17.245 		-8.677 		192.299
v -17.081 		-9.242 		192.685
v -12.203 		-2.848 		7.851
v -17.037 		-9.559 		192.632
v -11.843 		-6.949 		99.908
v -17.136 		-9.868 		191.958
v -14.137 		9.119 		159.62
v -2.003 		13.962 		45.263
v -12.489 		10.078 		157.316
v -13.481 		10.579 		157.043
v 9.441 		-10.198 		150.312
v -11.176 		-7.98 		102.485
v -17.072 		-9.837 		192.31
v -16.86 		-10.133 		192.382
v -2.399 		13.588 		45.074
v 25.508 		-0.96 		80.312
v 25.232 		-1.745 		80.428
v -11.961 		-7.018 		101.045
v -16.678 		-10.108 		192.727
v -11.288 		-8.06 		103.622
v 24.833 		-1.671 		81.499
v 8.492 		-10.998 		150.009
v -15.718 		9.747 		159.756
v -16.423 		-10.642 		191.915
v 8.409 		-10.889 		148.872
v -2.818 		13.463 		45.021
v -16.832 		-10.327 		191.876
v 20.137 		-0.793 		84.006
v 14.762 		12.029 		107.393
v -16.526 		-10.565 		191.997
v -14.503 		11.095 		157.042
v 21.262 		-1.003 		84.007
v -3.323 		13.506 		45.07
v -15.495 		11.596 		157.317
v 14.994 		11.915 		107.054
v 9.717 		-10.497 		149.242
v 15.33 		11.744 		106.558
v 18.546 		-0.496 		83.467
v -16.442 		-10.54 		191.142
v -11.694 		-3.593 		9.333
v -3.311 		14.568 		42.64
v -8.203 		14.104 		155.358
v -17.596 		-8.881 		191.235
v -17.031 		-10.085 		191.745
v -16.678 		-10.423 		191.329
v 15.027 		11.675 		106.569
v -12.229 		-3.441 		9.018
v 21.412 		-2.813 		81.293
v -8.891 		14.848 		155.89
v 14.813 		11.388 		106.065
v -12.312 		-7.224 		102.115
v 23.748 		-3.469 		79.864
v 23.138 		-2.316 		81.912
v 14.235 		12.072 		107.723
v -13.496 		-6.372 		100.481
v -9.645 		15.665 		156.164
v -12.873 		-7.552 		103.058
v -17.593 		-8.885 		188.968
v 24.194 		-1.551 		82.441
v -17.24 		-8.686 		187.897
v -16.674 		-8.365 		186.955
v -14.142 		12.874 		154.602
v -0.669 		14.928 		43.786
v 12.109 		-10.943 		149.851
v 16.904 		-1.545 		79.865
v 18.705 		-2.051 		81.156
v -15.475 		13.704 		155.271
v 14.684 		11.173 		105.635
v -0.639 		14.279 		42.843
v 17.205 		-0.245 		82.442
v -10.048 		-3.097 		5.844
v 15.734 		-14.223 		150.117
v 14.385 		11.113 		105.517
v -15.609 		16.173 		154.396
v 15.675 		-15.497 		149.588
v -1.837 		13.625 		43.213
v -10.021 		-3.559 		5.7
v -8.46 		10.781 		156.603
v -3.166 		13.934 		43.583
v 16.567 		-0.126 		81.499
v -9.413 		11.5 		153.453
v 8.506 		-13.325 		150.204
v -4.861 		15.026 		44.459
v -10.167 		10.399 		156.03
v -4.597 		14.211 		45.217
v 13.123 		11.26 		104.309
v 19.775 		-2.352 		81.429
v 9.05 		-14.179 		150.736
v -4.235 		13.825 		45.413
v -11.729 		-2.635 		7.338
v -10.895 		10.852 		155.272
v 9.647 		-15.117 		151.01
v 25.232 		-1.745 		78.155
v 25.022 		-3.337 		77.301
v 10.262 		-16.082 		151.01
v -10.931 		-2.332 		6.153
v 24.765 		-3.755 		75.578
v -10.99 		-2.53 		6.703
v 13.403 		11.025 		104.568
v 18.399 		8.337 		183.087
v 24.765 		-3.755 		77.851
v 17.098 		9.67 		185.527
v 24.833 		-1.671 		77.084
v -10.612 		-2.583 		6.392
v 19.322 		8.756 		183.619
v 14.155 		10.796 		104.692
v -4.847 		13.975 		45.997
v 13.783 		10.947 		104.912
v 20.695 		9.378 		185.32
v -10.27 		-2.756 		6.094
v 20.467 		8.195 		183.09
v 21.829 		7.629 		183.814
v 24.375 		-3.646 		78.922
v -16.193 		-7.644 		102.046
v -11.538 		-2.563 		7.12
v 21.397 		5.394 		185.523
v 22.028 		5.553 		184.581
v 24.194 		-1.551 		76.142
v -15.244 		-4.092 		96.086
v -12.678 		-1.817 		5.889
v -12.493 		-3.242 		8.619
v -13.182 		-3.511 		8.984
v -14.722 		-2.397 		6.695
v -8.894 		11.108 		154.396
v -3.502 		15.404 		41.882
v 16.567 		-0.126 		77.085
v 13.061 		11.538 		103.925
v 22.493 		5.95 		182.71
v 12.965 		11.807 		104.117
v 16.486 		-2.812 		77.287
v 22.421 		5.652 		183.51
v 17.287 		-3.117 		78.046
v 8.492 		-10.998 		147.735
v -8.569 		10.863 		155.466
v 8.764 		-11.375 		146.533
v -0.621 		13.873 		41.773
v 18.234 		-3.477 		78.579
v -0.614 		13.735 		40.636
v -1.856 		13.761 		42.076
v 21.447 		7.495 		182.743
v -11.961 		-7.018 		98.771
v -12.699 		11.975 		154.466
v -14.22 		-3.909 		9.26
v 19.274 		-3.873 		78.852
v -12.908 		-6.095 		99.538
v -1.911 		14.164 		41.006
v -14.012 		-5.142 		97.904
v -16.358 		-2.862 		6.558
v 17.205 		-0.245 		76.142
v -14.817 		-5.437 		98.663
v 9.206 		-11.733 		145.997
v -19.93 		8.55 		167.651
v -12.312 		-7.224 		97.701
v -19.63 		9.083 		168.047
v -17.176 		10.326 		168.243
v -12.54 		-5.922 		98.468
v -2.114 		15.658 		39.305
v -1.998 		14.808 		40.063
v -18.294 		9.713 		168.771
v -15.769 		-5.785 		99.195
v -0.639 		14.279 		38.429
v 22.331 		-5.035 		78.047
v -9.905 		-6.105 		8.141
v 22.739 		-6.243 		75.998
v 17.386 		7.878 		182.812
v 10.157 		-10.974 		148.299
v -12.54 		-5.922 		96.194
v -0.621 		13.873 		39.499
v 22.423 		3.644 		182.103
v -9.2 		-5.037 		9.197
v -12.416 		-5.863 		97.331
v 20.947 		3.33 		183.706
v 9.504 		-12.18 		145.39
v -19.241 		8.969 		169.117
v 23.74 		-5.571 		76.345
v -13.02 		-4.778 		95.891
v 24.119 		-5.715 		75.274
v -9.478 		-5.653 		8.672
v -13.402 		-4.918 		96.961
v 10.739 		-11.604 		147.54
v 16.726 		-4.411 		75.469
v 17.645 		3.241 		185.206
v 17.718 		2.816 		184.511
v -0.919 		6.678 		45.089
v -11.028 		-7.462 		7.847
v 17.637 		-4.855 		76.002
v -1.372 		6.513 		45.289
v 16.55 		3.363 		185.496
v -12.873 		-7.552 		96.758
v 18.637 		-5.341 		76.275
v -9.521 		-6.353 		9.139
v 13.335 		-14.414 		146.871
v -10.232 		-6.319 		7.767
v 20.344 		-4.28 		78.853
v 19.666 		-5.842 		76.276
v -2.06 		6.263 		46.021
v -11.923 		-8.121 		7.574
v -19.63 		9.083 		165.775
v 18.848 		2.996 		184.512
v 19.946 		3.171 		184.237
v 18.782 		3.384 		185.107
v -16.43 		11.995 		165.755
v 21.809 		-1.105 		74.714
v 20.877 		-2.662 		71.999
v -0.807 		17.908 		35.921
v -10.327 		-4.547 		5.688
v 16.62 		2.641 		184.238
v 14.4 		-15.567 		147.54
v -0.012 		22.03 		36.198
v -10.953 		-6.369 		6.676
v 23.138 		-2.316 		74.094
v -18.953 		11.032 		165.471
v 16.791 		1.15 		181.661
v -0.885 		19.606 		36.058
v 17.9 		1.226 		181.934
v -11.327 		-9.725 		101.912
v 19.042 		1.304 		181.935
v 23.748 		-3.469 		73.565
v -0.957 		21.175 		36.727
v -11.619 		-8.296 		100.278
v -18.577 		10.883 		166.542
v -10.834 		-9.302 		102.855
v 24.375 		-3.646 		74.507
v 22.421 		5.652 		181.237
v 22.028 		5.553 		180.166
v -18.189 		13.072 		161.628
v 21.595 		4.429 		177.936
v 16.904 		-1.545 		73.565
v -0.669 		14.928 		37.486
v 16.486 		-2.812 		70.988
v -11.978 		-10.283 		101.154
v -18.116 		12.899 		162.916
v 20.566 		5.184 		178.464
v -17.176 		12.416 		164.94
v -11.716 		-12.044 		103.211
v 7.005 		8.302 		107.799
v 16.937 		5.918 		180.236
v 18.217 		-1.914 		72.54
v -17.762 		12.701 		164.009
v 19.044 		-0.589 		74.85
v 17.396 		4.384 		177.659
v -13.592 		-11.666 		100.348
v 18.542 		6.479 		180.373
v -16.755 		14.501 		161.388
v 18.506 		4.664 		177.658
v -10.966 		-6.044 		6.273
v 19.775 		-2.352 		72
v 20.137 		-0.793 		74.577
v -10.774 		-6.472 		7.063
v 20.024 		6.998 		181.041
v 19.583 		4.936 		177.933
v -19.241 		8.967 		164.704
v -3.919 		1.035 		7.657
v -3.89 		0.973 		8.174
v -19.178 		10.857 		164.64
v -18.953 		11.032 		163.198
v -14.883 		-12.773 		100.484
v -14.069 		-14.455 		103.207
v 8.261 		-15.918 		148.433
v -13.293 		-13.659 		102.934
v 22.991 		3.575 		179.698
v 8.985 		6.141 		105.549
v 24.292 		-5.651 		74.289
v 24.119 		-5.715 		73.001
v 22.823 		3.709 		181.032
v -12.493 		-12.84 		102.936
v 21.186 		0.503 		179.84
v 9.552 		-12.546 		144.802
v 9.657 		-12.516 		144.956
v 21.125 		-7.603 		74.181
v 22.017 		1.508 		180.369
v 12.181 		-13.165 		146.734
v 22.933 		-7.431 		73.768
v 22.836 		3.63 		178.66
v -10.772 		-5.509 		5.945
v 23.071 		1.58 		178.356
v 22.666 		1.552 		179.427
v -16.825 		8.249 		162.471
v 8.03 		7.183 		107.999
v -17.797 		8.538 		163.002
v -15.289 		-4.32 		9.262
v 8.045 		-12.602 		149.445
v -16.326 		-4.718 		8.989
v -18.295 		9.712 		162.473
v 22.435 		3.567 		177.589
v -18.577 		10.883 		162.127
v -16.075 		-13.795 		101.153
v -3.671 		0.503 		6.241
v 23.324 		-7.875 		71.277
v -12.148 		-8.673 		99.335
v -15.509 		-11.069 		97.77
v -14.577 		-10.404 		97.771
v -18.551 		4.832 		168.156
v -19.249 		5.899 		167.628
v 23.297 		-7.608 		72.697
v -12.846 		-9.171 		98.577
v -13.671 		-9.759 		98.044
v 23.74 		-5.571 		71.93
v -19.734 		7 		167.281
v 22.666 		1.552 		175.012
v 23.071 		1.58 		176.083
v -7.696 		-1.25 		87.385
v -20.131 		7.081 		168.352
v 23.238 		1.161 		176.686
v 16.987 		-8.076 		71.129
v -13.396 		-3.596 		93.314
v -16.438 		4.598 		167.35
v 17.871 		-6.747 		73.698
v -14.063 		-2.455 		91.807
v 20.947 		3.33 		175.887
v -13.788 		-3.702 		94.384
v -17.543 		4.72 		167.625
v -15.321 		0.745 		1.541
v 16.62 		2.641 		175.355
v 17.718 		2.816 		175.082
v 19.328 		-7.624 		73.562
v -18.257 		6.702 		165.579
v 19.397 		3.083 		175.219
v -14.703 		-2.567 		92.75
v -14.416 		-3.87 		95.327
v 21.406 		-8.876 		72.133
v 21.963 		-9.212 		71.191
v -13.263 		-3.561 		92.177
v 3.894 		4.797 		104.135
v 22.042 		0.523 		172.782
v 17.911 		-8.752 		71.129
v 21.163 		1.449 		173.31
v 20.151 		1.38 		172.779
v -16.718 		6.39 		164.91
v 19.042 		1.304 		172.504
v 17.9 		1.226 		172.505
v -12.891 		-4.731 		94.754
v -9.804 		-10.516 		12.728
v -10.917 		-9.365 		10.151
v -16.684 		13.298 		157.319
v -12.908 		-6.095 		95.124
v -13.02 		-4.778 		93.617
v -17.746 		12.732 		159.55
v -10.084 		-8.629 		10.424
v 7.696 		-12.054 		148.502
v -18.108 		12.915 		160.621
v 16.032 		-0.026 		79.292
v -16.755 		14.501 		156.973
v 16.167 		-0.051 		80.428
v -13.496 		-6.372 		94.181
v -17.099 		14.715 		158.044
v -11.775 		-10.123 		10.15
v -16.974 		15.173 		158.616
v -10.972 		-11.75 		12.865
v 7.313 		-12.088 		147.43
v -17.099 		14.715 		160.317
v -14.012 		-5.142 		91.604
v 15.618 		8.832 		185.39
v -14.271 		-6.738 		93.423
v -15.188 		-7.17 		92.89
v 14.408 		6.527 		183.619
v -13.402 		-4.918 		92.547
v 14.241 		6.404 		183.688
v -17.176 		10.326 		160.425
v 7.478 		-11.711 		147.432
v 15.887 		-1.259 		75.578
v -16.4 		12.053 		157.848
v 16.167 		-0.051 		78.155
v -11.1593 		0.1538 		0
v -11.2671 		0.2833 		0
v -11.5292 		0.5357 		0
v -16.099 		-11.192 		13.425
v -11.6373 		0.6261 		0
v 13.452 		6.513 		185.133
v -13.206 		0.953 		0.735
v -13.5773 		1.4465 		0
v -14.1419 		1.5609 		0
v -14.215 		0.854 		1.268
v 13.769 		6.626 		184.72
v -6.514 		16.679 		150.736
v -14.813 		1.6692 		0
v -15.2998 		1.6954 		0
v 15.754 		-1.222 		76.715
v -15.8098 		1.7093 		0
v 14.054 		6.633 		184.278
v -7.111 		17.617 		151.01
v -13.368 		-11.53 		10.956
v 15.498 		-2.437 		75.274
v -12.5582 		1.0165 		0
v -12.8406 		1.1907 		0
v 15.887 		-1.259 		77.851
v -15.773 		-10.951 		10.081
v 14.058 		5.807 		183.147
v -16.099 		-11.192 		11.152
v 15.878 		-2.581 		76.345
v 15.331 		6.945 		183.086
v 16.278 		-1.369 		78.922
v -8.109 		23.02 		144.854
v -7.922 		22.66 		145.925
v -12.608 		-10.859 		10.425
v 7.549 		-11.589 		147.373
v 13.605 		4.966 		182.844
v 19.755 		17.276 		102.855
v -14.498 		-12.528 		12.658
v -13.325 		-12.804 		13.005
v 15.878 		-2.581 		71.931
v 16.278 		-1.369 		74.508
v 13.317 		4.285 		182.801
v 16.609 		16.95 		103.199
v 15.498 		-2.437 		73.001
v -12.051 		-12.89 		13.534
v 14.881 		-3.514 		71.561
v 18.588 		17.571 		103.201
v -16.193 		-7.644 		92.616
v -15.248 		-10.566 		9.139
v -15.085 		-9.272 		7.091
v 15.37 		-2.388 		74.138
v 21.328 		15.918 		103.631
v 15.005 		-3.574 		72.697
v 15.096 		2.907 		184.299
v 22.103 		13.975 		102.116
v 22.002 		12.775 		101.769
v -13.293 		-9.128 		7.711
v 14.245 		2.937 		183.722
v 7.723 		-11.399 		147.297
v 15.955 		-4.036 		74.71
v 15.931 		3.068 		184.899
v -14.872 		-1.243 		90.173
v 8.15 		-11.219 		147.045
v -15.726 		-1.314 		90.931
v 15.535 		2.964 		184.598
v 15.37 		-3.752 		73.768
v -16.517 		-6.823 		11.044
v 14.773 		2.347 		182.946
v -13.788 		-3.702 		89.97
v -16.815 		-8.065 		11.572
v 21.946 		15.27 		101.394
v 22.453 		14.179 		101.045
v 14.76 		-4.873 		71.191
v -13.396 		-3.596 		91.04
v 15.316 		-5.208 		72.133
v 21.003 		15.677 		100.278
v 13.257 		3.932 		182.855
v 13.347 		3.363 		182.374
v 21.333 		15.913 		101.349
v -17.868 		-3.291 		5.89
v -13.1155 		1.3125 		0
v -13.527 		-2.362 		89.6
v -16.8141 		1.5488 		0
v -17.2582 		1.5019 		0
v -17.272 		-5.082 		8.459
v -13.662 		-2.385 		90.737
v -17.5966 		1.4175 		0
v -18.261 		1.146 		0
v -17.871 		-7.486 		9.342
v -18.4944 		1.0133 		0
v -7.229 		21.322 		147.627
v -19.4199 		0.3281 		0
v -18.235 		-7.665 		8.271
v 17.287 		-3.117 		70.229
v -19.4254 		0.3228 		0
v -19.6177 		0.0741 		0
v 18.234 		-3.477 		69.696
v 4.539 		-2.667 		48.435
v 14.131 		2.245 		182.004
v 5.089 		-2.467 		47.021
v -18.381 		-4.457 		6.416
v -18.679 		-5.624 		6.761
v -19.057 		-5.77 		5.692
v -5.512 		22.118 		145.05
v 22.933 		-7.431 		69.353
v 23.297 		-7.608 		70.424
v -13.715 		-1.882 		87.546
v -3.852 		18.062 		145.582
v -3.988 		16.9 		146.084
v -3.468 		17.124 		145.049
v 17.419 		15.273 		100.484
v 22.331 		-5.035 		70.229
v 18.611 		16.295 		101.153
v 7.03 		-14.266 		147.085
v 13.277 		3.649 		182.942
v 22.739 		-6.243 		69.7
v -18.235 		-7.665 		5.998
v 7.284 		-14.03 		147.626
v 21.577 		-6.772 		67.651
v -13.641 		-1.655 		87.804
v 19.765 		10.632 		102.046
v 18.729 		10.144 		102.046
v -18.033 		-8.371 		8.032
v -16.9 		-9.267 		7.504
v 13.598 		3.193 		183.256
v -3.932 		16.437 		145.997
v 16.726 		-4.411 		67.652
v -16.788 		-10.454 		11.044
v -17.247 		-9.477 		8.575
v -13.785 		-1.218 		88.137
v -17.247 		-9.477 		10.848
v 13.86 		3.046 		183.454
v -5.214 		17.43 		148.159
v 18.637 		-5.341 		66.846
v 20.344 		-4.28 		69.422
v -16.9 		-9.267 		11.919
v 2.27 		-3.493 		48.753
v -4.273 		19.091 		145.856
v -10.133 		-16.837 		21.46
v -14.081 		-0.893 		88.291
v -8.708 		-16.456 		20.736
v 7.139 		-12.902 		147.38
v -9.911 		-16.498 		20.389
v -14.224 		-1.189 		89.23
v -14.991 		-0.279 		88.381
v -4.733 		18.895 		146.66
v -11.854 		-1.582 		5.13
v 1.394 		-3.812 		46.503
v -11.229 		-1.405 		4.187
v 6.959 		-14.973 		146.766
v -4.707 		20.151 		145.856
v -6.763 		20.421 		148.159
v 20.166 		-6.085 		66.983
v -5.127 		19.973 		146.546
v 1.33 		-3.835 		47.021
v 20.77 		11.106 		101.772
v -6.252 		19.434 		148.433
v 21.687 		11.539 		101.24
v -10.552 		-2.184 		5.059
v 17.724 		9.67 		101.772
v 16.917 		-6.177 		64.536
v -10.427 		-2.127 		3.898
v -12.121 		20.562 		149.581
v -10.901 		-4.073 		3.985
v 17.869 		-6.75 		64.263
v 6.064 		-14.227 		145.175
v -11.585 		20.802 		150.009
v 18.85 		-7.34 		64.263
v -10.318 		-3.787 		4.927
v -11.337 		20.481 		151.079
v 21.007 		14.473 		98.047
v 19.802 		-7.913 		64.539
v 20.803 		13.213 		95.999
v -12.161 		-0.284 		2.553
v 22.103 		13.975 		97.701
v 22.453 		14.179 		98.772
v -10.706 		-1.256 		1.98
v -10.94 		19.965 		152.021
v 5.897 		-13.571 		144.691
v 23.171 		13.176 		98.383
v -10.417 		19.287 		152.781
v 20.841 		-10.898 		68.616
v 23.417 		12.354 		96.194
v 21.168 		-11.138 		67.544
v -8.868 		20.375 		150.204
v 23.417 		12.354 		98.468
v -8.323 		19.52 		150.736
v -11.523 		-0.163 		1.61
v 22.31 		-9.421 		67.846
v 6.843 		-15.242 		146.475
v 22.129 		-9.987 		68.266
v 6.565 		-15.489 		145.911
v -10.503 		-2.316 		3.079
v 17.113 		12.904 		97.771
v 22.31 		-9.421 		70.12
v -10.887 		-2.452 		1.997
v 18.045 		13.569 		97.77
v -11.433 		-2.849 		1.408
v 18.95 		14.214 		98.045
v 6.917 		-15.136 		146.638
v 19.775 		14.802 		98.576
v -14.461 		16.54 		152.165
v 6.884 		-15.198 		146.56
v 12.978 		-10.666 		54.234
v -13.924 		18.938 		152.593
v 20.945 		9.253 		99.332
v 16.844 		-10.085 		68.545
v -13.162 		19.472 		152.586
v 22.419 		9.793 		98.663
v -13.999 		-0.632 		3.845
v 10.732 		-9.983 		52.949
v -14.315 		17.735 		151.819
v -15.091 		-0.839 		4.118
v 10.375 		-9.44 		53.891
v 17.679 		-10.819 		68.27
v 23.05 		12.181 		99.538
v 6.391 		-14.906 		145.751
v -11.671 		-4.45 		3.226
v -11.863 		-6.214 		5.27
v 18.808 		-9.408 		70.853
v 9.02 		-9.613 		53.521
v -13.198 		16.723 		150.117
v 23.521 		9.149 		96.615
v 8.382 		-11.242 		54.094
v 6.191 		-14.546 		145.419
v 19.033 		-10.748 		69.029
v 19.084 		-12.053 		66.979
v 20.317 		-10.514 		69.559
v -13.162 		19.472 		150.312
v -14.608 		-5.888 		2.419
v 23.834 		10.312 		96.961
v 4.482 		-3.774 		143.699
v 4.857 		-3.599 		144.017
v 24.215 		10.451 		95.891
v -14.744 		-7.96 		5.271
v -12.814 		-6.79 		4.997
v -13.58 		-5.385 		2.42
v -12.887 		19.174 		149.242
v -13.793 		-7.384 		4.996
v 21.963 		-9.213 		66.775
v 21.405 		-8.877 		65.832
v -11.585 		20.802 		147.736
v 20.84 		-10.9 		64.199
v -10.159 		21.989 		146.57
v -9.896 		21.988 		145.158
v 9.278 		-10.092 		51.314
v -9.678 		21.646 		148.502
v 18.305 		8.285 		99.195
v 21.167 		-11.139 		65.27
v -8.476 		21.59 		148.156
v -11.124 		-0.087 		0.54
v 19.348 		8.668 		99.469
v -9.896 		21.988 		147.432
v -11.0599 		-0.0747 		0
v -10.9234 		-0.3378 		0
v 20.721 		-11.963 		65.254
v -10.9078 		-0.5265 		0
v 9.085 		-9.734 		52.385
v -10.838 		-1.294 		0.844
v -10.9166 		-0.7744 		0
v -11.338 		20.48 		146.666
v -11.0016 		-1.0655 		0
v -12.233 		-3.156 		0.649
v 14.931 		5.216 		181.042
v 3.107 		-4.416 		143.499
v -12.0649 		-2.5589 		0
v 15.439 		-15.345 		54.238
v -11.1941 		-1.5119 		0
v -11.1461 		-1.3815 		0
v 14.17 		-15.206 		52.189
v 16.318 		4.112 		177.932
v 13.307 		-13.895 		51.52
v 2.669 		-4.619 		143.699
v -10.422 		16.506 		146.734
v -11.176 		17.322 		147.008
v 12.372 		-12.474 		51.384
v 2.006 		-4.929 		144.431
v 14.382 		-12.433 		53.96
v -11.6502 		-2.1406 		0
v 13.874 		3.496 		180.167
v -11.4981 		-1.9088 		0
v -11.864 		18.067 		147.54
v 13.48 		3.396 		181.237
v -11.693 		19.33 		147.012
v -14.2408 		-4.0362 		0
v -10.418 		19.286 		144.965
v -14.1782 		-4.0055 		0
v 20.315 		-10.516 		63.257
v -13.179 		-3.518 		0.116
v -13.6201 		-3.6871 		0
v 13.594 		2.16 		179.797
v -13.1915 		-3.4467 		0
v -12.7594 		-3.1256 		0
v -12.3559 		-2.8216 		0
v 9.341 		-12.747 		144.247
v 13.73 		2.182 		180.933
v -4.294 		24.584 		137.427
v -16.2116 		-4.6209 		0
v -16.324 		-4.724 		0.117
v -16.1257 		-4.5893 		0
v 9.05 		-14.179 		141.854
v -15.4243 		-4.379 		0
v -16.3009 		-4.6414 		0
v -3.538 		24.947 		137.535
v 20.147 		-9.223 		63.784
v -2.296 		25.101 		137.123
v 8.407 		-15.636 		53.083
v 8.615 		-12.619 		143.704
v -4.294 		24.584 		139.7
v 17.78 		6.592 		96.086
v 16.548 		7.642 		97.904
v -2.212 		24.704 		138.194
v 19.573 		-12.483 		66.037
v -19.84 		-3.875 		2.009
v 19.877 		-12.75 		64.966
v 14.925 		1.022 		180.369
v 9.647 		-15.117 		141.58
v 17.353 		7.937 		98.663
v 18.759 		6.854 		96.618
v 15.78 		1.08 		181.128
v 10.955 		-14.199 		144.152
v -1.455 		21.151 		140.702
v -18.304 		-1.449 		3.312
v -19.146 		-1.608 		2.553
v 22.992 		7.989 		96.086
v 9.585 		-10.664 		50.371
v 9.991 		-11.42 		49.613
v 17.131 		-12.854 		65.162
v -19.785 		-1.729 		1.611
v 17.354 		-12.639 		65.583
v -19.707 		-3.813 		3.117
v -14.416 		-3.87 		89.027
v 17.809 		-13.391 		64.56
v -3.73 		22.756 		142.473
v -19.317 		-3.702 		4.188
v -13.662 		-2.385 		88.463
v 18.23 		-13.889 		63.565
v 24.936 		8.662 		92.359
v 24.84 		8.485 		91.04
v -19.054 		-6.17 		5.02
v 24.84 		8.485 		93.314
v -16.815 		-8.065 		5.274
v -15.244 		-4.092 		88.268
v -8.059 		23.204 		143.558
v 16.984 		-8.08 		61.692
v 8.423 		-11.645 		47.181
v -17.871 		-7.486 		4.927
v 17.787 		-12.169 		58.635
v -16.223 		-4.354 		87.736
v -5.958 		22.86 		144.463
v -6.25 		23.444 		143.578
v -19.056 		-5.772 		3.421
v 12.542 		-16.173 		49.612
v 19.449 		12.419 		95.33
v 17.908 		-8.756 		61.691
v -15.446 		-9.06 		95.193
v -16.517 		-6.823 		3.225
v 18.805 		-9.412 		61.966
v 17.265 		-10.448 		59.259
v -18.07 		-5.394 		1.408
v -8.109 		23.02 		142.582
v -18.678 		-5.627 		2.35
v 22.461 		11.904 		94.182
v -6.279 		23.871 		142.335
v 23.05 		12.181 		95.124
v -17.297 		-4.642 		96.892
v -18.403 		-4.939 		96.892
v -17.887 		-6.562 		99.469
v -19.0081 		-4.0487 		0
v 16.642 		-15.278 		60.883
v -19.3008 		-3.8308 		0
v -19.2607 		-3.8716 		0
v -7.923 		22.66 		141.512
v -19.7125 		-3.3848 		0
v -19.3997 		-3.7255 		0
v -19.707 		-3.813 		0.844
v 24.171 		10.965 		95.371
v -19.9067 		-3.0956 		0
v 24.215 		10.451 		93.617
v 18.48 		-14.211 		62.442
v -19.883 		-7.293 		98.663
v -20.0428 		-2.7865 		0
v 19.115 		-13.781 		62.242
v -20.2022 		-2.2975 		0
v -21.679 		-7.951 		95.891
v 19.574 		-12.481 		61.625
v -21.298 		-7.812 		96.961
v -4.174 		24.196 		140.771
v 19.878 		-12.749 		62.694
v -20.986 		-6.649 		96.615
v -19.8207 		-0.2405 		0
v -19.9669 		-0.475 		0
v -20.0451 		-0.64 		0
v -20.1914 		-1.16 		0
v -20.183 		-1.805 		0.54
v -20.261 		-1.4284 		0
v 24.448 		8.38 		94.384
v -20.253 		-1.7018 		0
v -19.568 		-11.475 		102.116
v -19.006 		-11.146 		103.057
v -2.766 		19.63 		143.278
v 11.654 		-15.105 		144.152
v 10.262 		-16.082 		141.58
v -1.216 		20.031 		140.701
v 14.131 		2.245 		177.589
v -17.27 		-5.087 		0.648
v -17.4615 		-4.6325 		0
v -16.4738 		-4.641 		0
v 13.73 		2.182 		178.66
v 12.332 		-15.986 		144.427
v -17.8878 		-4.5385 		0
v -18.709 		-9.876 		102.529
v -18.7001 		-4.2149 		0
v -18.3124 		-4.4187 		0
v -1.887 		16.78 		141.714
v 15.336 		3.865 		178.465
v 16.894 		-15.596 		59.812
v 17.328 		-15.422 		59.231
v -2.14 		17.599 		142.472
v 8.261 		-15.918 		139.003
v -17.731 		-8.369 		101.909
v 14.504 		3.655 		179.224
v 18.17 		-13.946 		59.045
v 18.45 		-14.24 		60.116
v 13.871 		0.949 		178.356
v -19.917 		-11.679 		101.045
v 14.276 		0.977 		179.427
v 16.894 		-15.596 		57.539
v -6.514 		16.679 		141.854
v 16.642 		-15.278 		56.468
v 17.722 		-13.475 		58.103
v -19.925 		-9.404 		100.48
v -7.111 		17.617 		141.58
v 5.761 		4.411 		185.313
v -7.726 		18.582 		141.58
v -18.795 		-13.415 		103.625
v -19.41 		-12.77 		101.394
v -17.219 		-14.776 		102.855
v -17.331 		-13.576 		100.624
v 6.403 		-12.185 		143.604
v -0.03 		23.539 		137.319
v -18.467 		-13.177 		100.278
v -1.898 		23.23 		139.896
v 21.687 		11.539 		93.422
v 20.77 		11.106 		92.89
v -18.797 		-13.413 		101.349
v 6.269 		-12.249 		143.678
v 15.005 		-3.574 		70.424
v -3.029 		23.821 		140.425
v 23.834 		10.312 		92.547
v 5.895 		3.911 		183.381
v 6.627 		1.179 		183.381
v 15.37 		-3.752 		69.354
v 6.52 		1.579 		183.063
v 6.879 		-12.131 		143.464
v -6.237 		23.889 		140.004
v 15.955 		-4.036 		68.411
v -6.083 		23.513 		138.933
v 17.023 		10.998 		95.467
v 17.265 		9.454 		93.156
v -5.844 		24.194 		140.546
v -7.231 		21.321 		139.812
v 18.729 		10.144 		92.616
v 17.982 		11.56 		95.193
v 9.201 		-2.381 		68.435
v 7.216 		-12.178 		143.432
v 19.765 		10.632 		92.616
v 14.412 		-4.663 		70.12
v -19.568 		-11.475 		97.701
v -5.837 		22.911 		137.991
v 20.945 		9.253 		90.176
v -19.917 		-11.679 		98.772
v 22.419 		9.793 		90.845
v 14.294 		-4.593 		68.984
v 23.521 		9.149 		90.316
v -5.128 		21.18 		136.7
v 15.273 		-6.821 		70.326
v -16.414 		-11.714 		98.045
v 24.448 		8.38 		89.97
v -5.512 		22.118 		137.232
v 16.285 		1.115 		173.045
v 16.09 		-7.419 		70.857
v 19.348 		8.668 		90.039
v -18.267 		-10.713 		95.999
v -3.468 		17.124 		137.232
v 14.276 		0.977 		175.012
v 18.305 		8.285 		90.313
v 14.427 		-4.708 		67.673
v -0.46 		16.479 		138.194
v 14.805 		-4.713 		67.192
v 13.871 		0.949 		176.083
v 24.885 		6.4 		87.393
v -0.595 		17.114 		139.137
v 25.456 		6.292 		89.348
v 25.284 		6.469 		88.463
v -20.881 		-9.854 		98.468
v 8.045 		-12.602 		143.145
v 13.734 		0.94 		177.22
v -20.514 		-9.681 		99.538
v -3.852 		18.062 		136.7
v 25.14 		4.388 		89.23
v -20.635 		-10.676 		98.383
v -20.881 		-9.854 		96.194
v 7.923 		-12.381 		143.49
v 14.925 		1.022 		174.07
v -0.879 		18.448 		140.162
v 14.773 		2.347 		176.647
v 25.544 		4.422 		88.159
v 24.885 		6.4 		91.807
v 25.284 		6.469 		90.737
v -5.728 		18.416 		139.008
v -4.751 		16.529 		139.816
v -17.239 		-12.302 		98.576
v 13.983 		-5.476 		68.509
v 21.305 		5.776 		94.315
v 14.063 		-5.936 		68.637
v 22.074 		4.132 		91.601
v 6.062 		-12.441 		143.855
v -17.844 		-1.491 		91.738
v 6.892 		0.772 		165.631
v -17.642 		-3.079 		94.315
v -16.546 		-2.888 		94.041
v -6.51 		19.926 		139.144
v 24.243 		6.288 		92.749
v 6.674 		0.303 		166.527
v 5.679 		-13.831 		144.291
v 23.519 		5.202 		92.221
v 5.433 		-13.229 		143.348
v -18.984 		-1.586 		91.738
v 14.004 		-5.162 		68.344
v 5.879 		-12.958 		144.251
v -8.476 		21.589 		141.858
v -19.317 		-3.371 		94.178
v -20.092 		-1.679 		91.464
v -9.678 		21.646 		144.088
v 14.081 		-4.943 		68.164
v 16.599 		4.955 		91.807
v 17.239 		5.067 		92.75
v -22.349 		-3.9 		91.807
v 16.952 		6.37 		95.327
v -8.423 		16.696 		144.161
v 6.674 		0.303 		163.699
v -21.707 		-3.788 		92.749
v 6.89 		-13.269 		140.568
v 6.591 		-12.692 		141.511
v -9.461 		18.043 		144.297
v 6.808 		0.591 		164.113
v 14.424 		-6.937 		68.697
v 20.178 		5.579 		94.315
v -8.323 		19.52 		141.854
v 6.892 		0.772 		164.596
v -17.229 		-8.132 		92.616
v 14.897 		-7.96 		68.544
v 6.404 		-12.331 		142.581
v 16.548 		7.642 		91.604
v -8.868 		20.375 		142.386
v 5.227 		-12.726 		141.141
v -6.601 		14.335 		152.022
v 19.272 		3.899 		91.464
v 20.38 		3.991 		91.738
v -6.905 		12.698 		152.586
v 4.231 		-13.659 		140.771
v -21.912 		-5.88 		94.384
v 0.722 		17.332 		136.56
v -6.811 		12.598 		151.449
v 5.279 		-12.853 		142.278
v 20.939 		7.439 		87.462
v -21.679 		-7.951 		93.617
v 22.013 		7.727 		87.736
v 0.158 		21.981 		137.988
v -6.205 		13.82 		151.079
v 22.992 		7.989 		88.268
v 4.423 		-14.28 		141.714
v 8.949 		-2.792 		64.771
v -20.66 		-4.565 		94.798
v 0.497 		19.189 		137.851
v 8.679 		-3.233 		64.703
v 0.363 		20.293 		138.124
v -5.509 		15.102 		149.445
v -5.97 		15.825 		150.204
v -22.304 		-5.985 		93.314
v -5.957 		13.498 		150.009
v 5.433 		-13.229 		138.934
v 5.279 		-12.853 		140.004
v -5.873 		13.389 		148.872
v 9.724 		-1.528 		66.703
v -21.298 		-7.812 		92.547
v -6.905 		12.698 		150.312
v 17.353 		7.937 		90.845
v 7.284 		-14.03 		139.809
v -22.4 		-6.162 		92.359
v 4.111 		-13.27 		139.701
v 0.331 		6.859 		146.431
v 17.78 		6.592 		88.268
v -7.181 		12.997 		149.242
v 16.905 		5.283 		87.345
v 14.976 		-5.45 		65.286
v 16.952 		6.37 		89.027
v 15.329 		-5.029 		66.243
v 16.526 		5.018 		87.664
v 4.111 		-13.27 		137.427
v 5.679 		-13.831 		137.991
v -22.748 		-3.969 		90.737
v -8.08 		12.091 		151.819
v 6.388 		-15.562 		136.7
v 15.308 		-5.278 		65.683
v 0.331 		6.859 		144.431
v 21.585 		2.384 		89.161
v 0.043 		6.725 		144.017
v -21.102 		-1.763 		90.932
v 24.566 		2.366 		87.595
v 23.71 		2.371 		88.355
v 13.954 		-5.751 		64.798
v 4.071 		-13.139 		138.564
v -23.008 		-1.922 		88.159
v -22.604 		-1.888 		89.23
v 17.408 		3.743 		90.173
v -22.349 		-3.9 		87.393
v 18.262 		3.814 		90.931
v 14.412 		-5.616 		64.95
v 2.911 		-13.581 		137.124
v 1.81 		25.189 		133.04
v -22.92 		-3.792 		89.348
v -22.748 		-3.969 		88.463
v -3.655 		16.015 		145.331
v 1.81 		25.189 		128.625
v 3.131 		-14.614 		139.137
v 1.247 		25.715 		131.511
v 1.814 		-14.832 		136.56
v 1.798 		25.594 		129.696
v 19.328 		2.398 		88.887
v -3.524 		15.481 		144.753
v 17.613 		2.592 		88.102
v 3.673 		25.721 		128.499
v 16.049 		-5.654 		65.068
v 2.996 		-13.979 		138.194
v 3.838 		25.164 		130.463
v -21.993 		-0.85 		88.884
v -4.37 		16.013 		146.916
v 18.035 		2.201 		87.765
v -4.313 		16.184 		146.794
v 3.861 		25.569 		129.392
v 1.798 		25.594 		131.969
v 3.31 		-15.453 		139.895
v -4.702 		14.763 		147.365
v -4.876 		14.336 		147.424
v -17.297 		-4.642 		87.462
v -5.16 		14.554 		148.502
v -18.409 		-6.753 		90.176
v 1.857 		23.683 		134.742
v -18.403 		-4.939 		87.462
v -4.47 		15.632 		147.109
v 1.889 		22.669 		135.273
v 16.441 		3.628 		88.378
v 0.849 		24.464 		135.271
v 16.46 		-16.438 		152.593
v -16.812 		-6.168 		90.039
v 1.924 		21.559 		135.548
v 3.659 		22.092 		132.834
v -5.053 		14.057 		147.426
v 16.76 		3.689 		89.23
v 15.698 		-16.972 		152.586
v 17.002 		3.082 		88.335
v -19.477 		-5.227 		87.736
v -19.883 		-7.293 		90.845
v -5.369 		13.774 		147.361
v 13.476 		-17.465 		152.021
v 13.873 		-17.981 		151.079
v -20.456 		-5.489 		88.268
v 2.072 		16.784 		133.04
v 0.8 		16.687 		135.617
v -5.957 		13.498 		147.735
v 18.168 		1.95 		87.416
v -5.751 		13.659 		147.211
v 2.052 		17.434 		133.982
v 12.953 		-16.787 		152.781
v 2.025 		18.291 		134.741
v -6.13 		13.699 		147.002
v 3.56 		20.395 		132.97
v -20.986 		-6.649 		90.316
v 14.514 		12.783 		101.154
v 14.121 		-18.302 		150.009
v 14.657 		-18.062 		149.581
v -21.912 		-5.88 		89.97
v 14.258 		14.539 		103.198
v -6.56 		13.883 		146.701
v -7.622 		13.474 		148.299
v 15.698 		-16.972 		150.312
v -22.304 		-5.985 		91.04
v 1.994 		19.303 		135.274
v 1.959 		20.414 		135.547
v 15.423 		-16.674 		149.242
v -7.172 		14.396 		146.103
v -18.234 		-8.606 		92.89
v -16.913 		-9.919 		95.33
v 16.128 		14.166 		100.348
v 15.833 		16.155 		102.924
v 4.779 		24.415 		130.116
v -7.6 		15.039 		145.413
v 15.034 		15.335 		102.925
v -19.466 		-10.275 		95.47
v -7.718 		15.515 		144.824
v -7.707 		15.364 		145.031
v -19.151 		-9.039 		93.422
v 5.633 		23.467 		129.588
v 10.859 		-17.02 		150.736
v 11.404 		-17.875 		150.204
v -4.246 		16.33 		146.65
v 5.321 		21.365 		130.394
v 12.695 		-19.489 		146.57
v 13.863 		12.225 		101.912
v 12.432 		-19.488 		147.432
v 0.158 		21.981 		128.832
v -20.514 		-9.681 		95.124
v 14.12 		-18.302 		147.735
v 0.849 		24.464 		128.972
v 13.37 		11.802 		102.855
v 12.432 		-19.488 		145.158
v -21.635 		-8.465 		95.371
v 13.712 		10.48 		102.485
v 13.474 		-17.466 		145.72
v 3.75 		23.659 		132.165
v -7.844 		-0.045 		84.453
v -7.785 		-0.524 		84.653
v 14.848 		9.724 		102.115
v 13.872 		-17.982 		146.663
v -7.735 		-0.935 		84.971
v 13.824 		10.56 		103.622
v -7.696 		-1.25 		85.385
v -8.561 		12.527 		150.876
v -10.906 		12.626 		152.162
v 15.409 		10.052 		103.058
v -9.949 		13.783 		149.585
v -7.672 		-1.449 		86.903
v 11.012 		-19.09 		148.156
v 9.765 		-18.822 		147.627
v 9.043 		-17.428 		148.296
v -10.773 		14.529 		149.311
v -11.794 		13.296 		151.888
v 14.155 		10.796 		100.278
v 14.379 		9.449 		99.908
v 12.214 		-19.146 		148.502
v -12.034 		15.67 		149.448
v 13.824 		10.56 		101.348
v -12.708 		13.985 		151.888
v -13.595 		14.655 		152.162
v -14.405 		15.265 		152.694
v 14.497 		9.518 		101.045
v 10.458 		-20.16 		145.925
v 16.032 		8.872 		100.481
v -10.097 		12.016 		152.695
v -15.548 		-2.714 		85.691
v -8.547 		14.476 		147.274
v -9.645 		15.665 		146.734
v 10.645 		-20.52 		144.854
v 14.684 		11.173 		99.335
v 15.382 		11.671 		98.577
v 8.16 		-19.572 		145.214
v 16.207 		12.259 		98.044
v 7.797 		-18.625 		145.787
v 7.664 		-18.68 		145.581
v -14.798 		-2.332 		85.916
v 7.393 		-17.588 		146.102
v -2.808 		5.395 		146.431
v 14.848 		9.724 		97.701
v 6.809 		-16.591 		145.856
v 14.497 		9.518 		98.771
v 6.974 		-16.523 		146.143
v 15.076 		8.422 		98.468
v -14.135 		-2.247 		86.886
v 15.444 		8.595 		99.538
v -14.448 		-2.347 		86.471
v 15.076 		8.422 		96.194
v 14.952 		8.363 		97.331
v -4.004 		14.626 		143.751
v 8.416 		-20.393 		144.352
v 15.409 		10.052 		96.758
v -14.335 		-1.173 		84.573
v -3.143 		16.331 		144.291
v 12.178 		-17.332 		143.673
v -14.89 		-1.946 		85.115
v -2.897 		15.729 		143.348
v 15.556 		7.278 		95.891
v 11.864 		-18.597 		143.146
v -3.619 		14.926 		144.18
v 15.938 		7.418 		96.961
v 12.214 		-19.146 		144.088
v -3.809 		14.707 		143.728
v -2.691 		15.226 		141.141
v -13.89 		-0.495 		84.398
v 16.032 		8.872 		94.181
v -1.695 		16.159 		140.771
v 10.859 		-17.02 		141.854
v 15.444 		8.595 		95.124
v -2.743 		15.353 		142.278
v -15.726 		-1.314 		83.114
v 15.427 		7.231 		94.754
v 15.799 		6.061 		92.177
v 10.458 		-20.16 		141.51
v -5.509 		15.102 		143.145
v -5.137 		14.806 		143.436
v -17.642 		-3.079 		84.885
v 15.932 		6.096 		93.314
v -19.317 		-3.371 		85.022
v 10.595 		-20.704 		143.558
v 16.324 		6.202 		94.384
v 8.788 		-21.382 		142.298
v -4.361 		14.603 		143.578
v 8.679 		-20.989 		143.43
v -7.745 		15.815 		144.435
v 10.645 		-20.52 		142.581
v 15.938 		7.418 		92.547
v -20.863 		-3.641 		85.691
v -7.568 		15.741 		144.338
v -21.832 		-2.811 		85.162
v 15.556 		7.278 		93.617
v 16.324 		6.202 		89.97
v 8.773 		-21.389 		140.004
v -23.008 		-1.922 		85.886
v 8.619 		-21.013 		138.933
v -23.19 		-1.381 		86.336
v 8.38 		-21.694 		140.546
v 15.932 		6.096 		91.04
v -7.23 		15.718 		143.993
v 16.063 		4.862 		89.6
v -22.604 		-1.888 		84.815
v -6.66 		15.508 		143.671
v 9.043 		-17.428 		139.14
v 16.198 		4.885 		90.737
v 9.765 		-18.822 		139.809
v 9.266 		-19.997 		139.28
v 16.256 		4.69 		87.951
v 16.198 		4.885 		88.463
v -16.736 		-1.399 		82.582
v 16.167 		4.437 		88.114
v -17.844 		-1.491 		82.308
v 16.184 		4.103 		88.268
v 3.991 		-18.651 		140.702
v 5.803 		-18.756 		143.142
v -18.984 		-1.586 		82.308
v -20.092 		-1.679 		82.582
v -21.102 		-1.763 		83.114
v 10.057 		3.682 		88.117
v 5.302 		-17.13 		143.278
v 6.266 		-20.256 		142.473
v 3.752 		-17.531 		140.701
v 0.844 		19.051 		42.774
v 0.746 		16.797 		42.5
v 0.794 		17.908 		42.774
v 6.71 		-21.696 		140.771
v 1.136 		1.579 		88.385
v 4.222 		-19.738 		140.427
v 1.019 		23.086 		39.196
v 1.001 		22.681 		40.266
v 1.878 		21.091 		40.68
v 7.664 		-18.68 		136.7
v 1.073 		2.093 		88.317
v 0.953 		23.231 		38.149
v 8.048 		-19.618 		137.232
v 25.544 		4.422 		85.886
v 0.973 		22.03 		41.208
v 25.14 		4.388 		84.815
v 2.377 		-19.481 		137.988
v 25.726 		3.881 		86.336
v 25.622 		2.36 		83.309
v 2.614 		19.451 		40.06
v 25.744 		1.455 		83.324
v 3.521 		-16.444 		140.428
v 25.622 		2.36 		85.582
v 25.217 		2.362 		86.653
v 2.389 		17.765 		40.197
v 2.173 		-17.793 		138.124
v 25.121 		0.416 		84.177
v 6.83 		-22.084 		139.7
v 5.565 		-21.321 		140.425
v 25.518 		0.299 		80.732
v 1.195 		7.447 		48.021
v 4.434 		-20.73 		139.896
v 25.518 		0.299 		83.005
v 0.897 		7.339 		48.435
v 25.217 		2.362 		82.238
v 1.447 		7.539 		47.021
v 25.114 		0.337 		79.661
v 21.853 		5.871 		85.022
v 6.83 		-22.084 		137.427
v 6.074 		-22.447 		137.535
v 23.399 		6.141 		85.691
v 4.832 		-22.601 		137.123
v 24.368 		5.311 		85.162
v 4.748 		-22.204 		138.194
v 2.566 		-21.039 		137.319
v 4.423 		-14.28 		135.414
v 4.231 		-13.659 		136.357
v 18.78 		5.691 		85.869
v 4.675 		-15.099 		134.655
v 4.974 		-16.068 		134.123
v 18.997 		5.63 		85.609
v 2.882 		-13.447 		135.987
v 1.687 		-13.784 		134.546
v 19.014 		5.494 		85.378
v 18.082 		5.666 		86.456
v 1.736 		-14.187 		135.617
v 1.994 		14.809 		38.632
v 0.665 		14.928 		41.209
v 2.911 		-13.581 		134.85
v 20.178 		5.579 		84.885
v 0.51 		-15.791 		134.741
v 0.637 		14.279 		40.266
v 19.082 		5.388 		85.159
v 0.619 		13.873 		39.196
v 0.463 		-14.284 		133.04
v 19.031 		5.359 		85.147
v 0.702 		15.784 		41.968
v 2.996 		-13.979 		133.78
v 1.671 		-13.647 		133.41
v 18.537 		4.912 		84.775
v 1.195 		7.447 		46.021
v 17.857 		4.405 		84.538
v 0.897 		7.339 		45.607
v 0.484 		-14.934 		133.982
v 21.498 		0.683 		86.584
v 3.131 		-14.614 		132.837
v 21.532 		1.082 		87.189
v 22.605 		0.577 		86.309
v 23.614 		0.481 		85.778
v 8.874 		20.907 		29.958
v 1.687 		-13.784 		132.273
v 0.447 		-13.741 		130.833
v 19.252 		0.898 		86.31
v 8.286 		19.519 		31.66
v 20.359 		0.792 		86.583
v 20.395 		1.229 		87.289
v 0.451 		-13.878 		131.969
v 1.736 		-14.187 		131.203
v 18.244 		0.995 		85.777
v 5.016 		22.143 		35.112
v 18.072 		1.72 		86.917
v 4.685 		20.673 		36.814
v 4.873 		21.508 		36.054
v 17.581 		1.602 		86.201
v 0.451 		-13.878 		129.696
v 17.408 		3.743 		83.873
v 3.074 		22.902 		36.619
v 3.021 		22.501 		37.689
v 0.463 		-14.284 		128.626
v 16.794 		3.493 		84.385
v 1.814 		-14.832 		130.26
v 1.019 		23.086 		36.922
v 16.402 		2.416 		83.309
v 1.978 		-16.186 		129.235
v 16.4 		2.966 		84.444
v 17.39 		1.077 		85.019
v 16.622 		1.879 		85.176
v 16.744 		1.138 		84.076
v 3.074 		22.902 		34.345
v 3.369 		23.007 		35.137
v 1.001 		22.681 		35.852
v 0.936 		21.175 		34.15
v 0.551 		-7.774 		127.481
v 0.958 		-7.853 		127.163
v 4.217 		18.6 		37.62
v 1.27 		-7.914 		126.749
v 4.461 		19.684 		37.346
v 6.03 		18.682 		34.906
v 6.511 		20.176 		34.237
v 5.509 		17.063 		35.043
v 3.72 		16.399 		37.346
v 3.964 		17.483 		37.62
v 5.106 		22.539 		34.042
v 6.973 		21.611 		32.535
v 7.697 		20.65 		32.189
v 5.748 		22.533 		32.125
v 0.51 		-15.791 		126.924
v 7.097 		21.997 		31.464
v 0.484 		-14.934 		127.683
v 5.016 		22.143 		30.698
v 5.106 		22.539 		31.768
v 5.302 		-17.13 		133.849
v 6.809 		-16.591 		136.426
v 3.021 		22.501 		33.275
v 3.904 		21.682 		31.044
v 7.243 		-17.651 		136.426
v 5.803 		-18.756 		133.986
v 2.821 		21.007 		31.573
v 6.266 		-20.256 		134.655
v 0.542 		-16.803 		135.274
v 7.457 		17.562 		32.466
v 0.577 		-17.914 		135.547
v 0.612 		-19.059 		135.548
v 0.746 		16.797 		33.618
v 0.647 		-20.169 		135.273
v 2.389 		17.765 		30.767
v 0.794 		17.908 		33.344
v 0.844 		19.051 		33.344
v 6.71 		-21.696 		136.356
v 5.565 		-21.321 		134.126
v 4.748 		-22.204 		133.779
v 4.832 		-22.601 		134.85
v 2.614 		19.451 		30.904
v 0.892 		20.162 		33.618
v 9.032 		21.28 		28.887
v 3.702 		-22.956 		134.523
v 1.687 		-21.964 		135.271
v 0.679 		-21.183 		134.742
v 9.032 		21.28 		26.614
v 2.796 		-22.938 		134.546
v 10.294 		20.856 		26.102
v 2.747 		-22.536 		135.617
v 10.892 		20.392 		26.313
v 10.699 		20.036 		27.387
v 10.391 		19.462 		28.332
v 9.508 		17.813 		29.629
v 11.066 		16.888 		27.037
v 0.726 		-22.689 		133.04
v 8.983 		16.833 		29.907
v 2.377 		-19.481 		128.832
v 3.521 		-16.444 		131.545
v 8.874 		20.907 		25.543
v 2.173 		-17.793 		128.695
v 3.752 		-17.531 		131.272
v 12.668 		19.337 		23.733
v 12.447 		18.998 		24.804
v 13.909 		17.952 		22.518
v 3.991 		-18.651 		131.271
v 13.431 		17.498 		23.591
v 12.412 		19.671 		23.09
v 4.222 		-19.738 		131.546
v 4.434 		-20.73 		132.078
v 12.51 		17.121 		25.035
v 2.747 		-22.536 		131.202
v 2.796 		-22.938 		132.273
v 1.289 		-23.215 		131.511
v 0.738 		-23.094 		131.969
v 12.09 		18.454 		25.746
v 8.62 		20.308 		24.601
v 2.566 		-21.039 		129.501
v 1.687 		-21.964 		128.972
v 10.894 		20.391 		24.037
v 0.726 		-22.689 		128.625
v 0.738 		-23.094 		129.696
v 0.647 		-20.169 		126.392
v 0.612 		-19.059 		126.117
v 0.679 		-21.183 		126.924
v 10.704 		20.034 		22.966
v 0.542 		-16.803 		126.391
v 0.577 		-17.914 		126.118
v 6.773 		20.992 		27.179
v 6.973 		21.611 		28.12
v 7.097 		21.997 		29.191
v 8.065 		21.813 		29.114
v 4.685 		20.673 		28.996
v -3.543 		-0.082 		182.795
v 3.72 		16.399 		28.464
v 3.964 		17.483 		28.19
v -11.526 		-0.51 		183.669
v 4.461 		19.684 		28.464
v 4.217 		18.6 		28.19
v 7.398 		19.848 		25.13
v 5.509 		17.063 		25.613
v -10.845 		-4.029 		185.304
v 7.457 		17.562 		23.036
v 6.03 		18.682 		25.75
v -11.872 		-4.027 		183.619
v 7.01 		16.507 		23.036
v -10.811 		-0.863 		182.374
v -10.904 		-0.844 		183.172
v 0.619 		13.873 		36.922
v 1.908 		14.165 		37.689
v -11.113 		-0.679 		183.353
v 1.854 		13.762 		36.619
v 0.613 		13.735 		38.059
v -10.785 		-1.805 		182.806
v 3.497 		15.411 		36.814
v -10.721 		-1.276 		182.926
v 0.702 		15.784 		34.15
v 0.665 		14.928 		34.909
v -11.78 		-3.789 		183.422
v 3.308 		14.574 		36.055
v 1.836 		13.626 		35.482
v 1.854 		13.762 		34.345
v 0.637 		14.279 		35.852
v 3.165 		13.941 		35.112
v 4.396 		13.606 		32.535
# 4252 vertices

g group_0_11909273

usemtl color_11909273
s 0

f 2 	8 	9
f 6 	3 	12
f 7 	2 	9
f 9 	4 	7
f 5 	10 	11
f 14 	6 	12
f 15 	16 	13
f 15 	1 	2
f 86 	1 	15
f 2 	16 	15
f 16 	2 	17
f 14 	12 	214
f 18 	436 	17
f 17 	2 	7
f 19 	20 	22
f 17 	7 	18
f 17 	21 	16
f 13 	23 	168
f 16 	21 	176
f 13 	16 	23
f 19 	27 	20
f 25 	104 	30
f 32 	28 	31
f 29 	28 	32
f 25 	47 	37
f 30 	104 	102
f 25 	37 	26
f 38 	56 	26
f 20 	51 	57
f 55 	38 	52
f 55 	56 	38
f 39 	64 	40
f 33 	36 	66
f 64 	41 	40
f 36 	38 	42
f 41 	43 	40
f 24 	40 	43
f 42 	38 	44
f 38 	36 	33
f 27 	48 	45
f 20 	27 	45
f 20 	45 	51
f 46 	47 	35
f 47 	30 	35
f 44 	37 	42
f 44 	26 	37
f 44 	38 	26
f 24 	43 	48
f 48 	27 	24
f 46 	37 	47
f 47 	25 	30
f 51 	45 	48
f 49 	53 	52
f 49 	50 	53
f 50 	55 	53
f 50 	54 	55
f 54 	56 	55
f 55 	52 	53
f 25 	26 	56
f 106 	25 	56
f 485 	59 	58
f 58 	59 	49
f 59 	50 	49
f 59 	60 	50
f 61 	58 	49
f 61 	62 	58
f 62 	72 	58
f 9 	54 	60
f 54 	50 	60
f 62 	63 	73
f 61 	63 	62
f 38 	33 	63
f 63 	52 	38
f 63 	61 	52
f 49 	52 	61
f 66 	81 	63
f 63 	33 	66
f 67 	64 	39
f 65 	66 	36
f 65 	36 	68
f 46 	35 	69
f 37 	46 	69
f 34 	69 	35
f 69 	70 	37
f 70 	68 	36
f 70 	36 	42
f 70 	42 	37
f 65 	68 	71
f 79 	65 	71
f 62 	73 	72
f 74 	75 	72
f 74 	76 	75
f 73 	74 	72
f 72 	75 	516
f 524 	516 	75
f 80 	79 	74
f 80 	65 	79
f 81 	74 	73
f 73 	63 	81
f 28 	29 	78
f 29 	22 	78
f 81 	80 	74
f 66 	65 	81
f 81 	65 	80
f 3306 	126 	77
f 304 	79 	71
f 77 	78 	82
f 82 	78 	22
f 82 	22 	20
f 74 	79 	304
f 20 	57 	82
f 143 	1 	86
f 119 	87 	83
f 89 	91 	88
f 90 	91 	89
f 90 	94 	91
f 30 	94 	131
f 15 	111 	86
f 102 	104 	91
f 104 	88 	91
f 104 	86 	88
f 100 	98 	105
f 86 	106 	143
f 104 	106 	86
f 91 	94 	102
f 30 	102 	94
f 108 	2156 	109
f 99 	107 	110
f 25 	106 	104
f 127 	108 	103
f 93 	110 	107
f 28 	85 	97
f 97 	684 	28
f 83 	85 	126
f 3848 	110 	93
f 115 	103 	108
f 117 	118 	114
f 118 	88 	111
f 92 	87 	119
f 88 	86 	111
f 126 	85 	78
f 118 	111 	114
f 115 	108 	109
f 156 	116 	121
f 164 	156 	121
f 118 	124 	89
f 89 	88 	118
f 119 	3324 	92
f 116 	122 	4053
f 126 	78 	77
f 125 	127 	128
f 117 	124 	118
f 113 	400 	410
f 85 	28 	78
f 99 	110 	112
f 129 	89 	124
f 124 	219 	129
f 219 	131 	129
f 125 	128 	123
f 119 	83 	126
f 3839 	112 	110
f 431 	113 	160
f 127 	103 	128
f 35 	131 	34
f 113 	347 	133
f 112 	564 	306
f 83 	495 	490
f 89 	129 	90
f 85 	83 	491
f 129 	131 	90
f 132 	359 	130
f 131 	94 	90
f 85 	491 	97
f 35 	30 	131
f 113 	133 	160
f 168 	170 	13
f 15 	13 	111
f 59 	4 	60
f 138 	553 	133
f 4 	9 	60
f 2 	1 	143
f 143 	8 	2
f 143 	9 	8
f 9 	143 	54
f 54 	143 	106
f 134 	146 	120
f 361 	364 	146
f 120 	576 	577
f 120 	146 	576
f 147 	446 	448
f 151 	148 	150
f 135 	154 	155
f 122 	116 	156
f 112 	306 	99
f 141 	155 	161
f 158 	151 	157
f 157 	151 	150
f 156 	164 	256
f 56 	54 	106
f 167 	168 	169
f 167 	170 	168
f 111 	13 	170
f 167 	114 	170
f 158 	140 	2229
f 114 	111 	170
f 169 	168 	163
f 160 	133 	553
f 155 	141 	135
f 169 	174 	167
f 4159 	4161 	147
f 167 	117 	114
f 163 	165 	169
f 173 	179 	183
f 1216 	187 	178
f 188 	186 	3799
f 190 	185 	468
f 190 	138 	185
f 192 	193 	188
f 185 	144 	468
f 161 	181 	184
f 147 	184 	181
f 3004 	189 	194
f 173 	354 	179
f 192 	198 	195
f 198 	196 	195
f 179 	200 	183
f 271 	142 	476
f 203 	398 	186
f 162 	137 	271
f 188 	203 	186
f 202 	201 	178
f 193 	203 	188
f 201 	202 	205
f 205 	207 	201
f 192 	208 	193
f 205 	209 	207
f 159 	208 	192
f 157 	205 	202
f 159 	192 	195
f 3746 	144 	185
f 199 	197 	209
f 209 	205 	199
f 150 	205 	157
f 199 	374 	435
f 374 	199 	148
f 199 	150 	148
f 2362 	2349 	133
f 205 	150 	199
f 410 	2191 	113
f 168 	176 	163
f 3 	5 	213
f 197 	212 	209
f 206 	200 	204
f 180 	175 	182
f 168 	23 	176
f 213 	5 	11
f 197 	453 	212
f 23 	16 	176
f 213 	12 	3
f 272 	117 	167
f 175 	4081 	4078
f 147 	448 	184
f 207 	209 	212
f 218 	125 	123
f 216 	11 	705
f 214 	476 	142
f 214 	142 	4088
f 137 	142 	271
f 226 	211 	225
f 228 	4053 	122
f 225 	230 	226
f 3874 	226 	230
f 228 	233 	175
f 250 	231 	230
f 233 	241 	182
f 241 	242 	182
f 249 	233 	156
f 182 	242 	236
f 233 	182 	175
f 122 	233 	228
f 156 	233 	122
f 221 	182 	236
f 239 	159 	195
f 195 	231 	239
f 235 	225 	211
f 233 	247 	241
f 245 	248 	244
f 235 	246 	225
f 246 	230 	225
f 246 	250 	230
f 3473 	251 	245
f 251 	252 	245
f 252 	248 	245
f 249 	247 	233
f 255 	240 	220
f 249 	156 	253
f 156 	256 	253
f 254 	255 	351
f 1792 	210 	257
f 220 	351 	255
f 259 	256 	164
f 251 	3475 	258
f 171 	259 	164
f 264 	257 	210
f 251 	3473 	3475
f 236 	242 	2934
f 236 	2934 	3171
f 263 	266 	269
f 34 	131 	219
f 269 	266 	264
f 34 	311 	69
f 117 	272 	124
f 124 	272 	84
f 211 	273 	210
f 273 	278 	3878
f 231 	195 	275
f 272 	167 	276
f 195 	196 	275
f 324 	268 	323
f 267 	244 	268
f 231 	275 	277
f 278 	226 	3874
f 162 	271 	279
f 230 	277 	3874
f 230 	231 	277
f 279 	172 	162
f 211 	278 	273
f 211 	226 	278
f 254 	288 	255
f 291 	288 	287
f 282 	315 	292
f 288 	291 	240
f 291 	287 	293
f 240 	291 	243
f 288 	240 	255
f 243 	291 	293
f 963 	288 	265
f 265 	288 	254
f 295 	344 	294
f 295 	324 	344
f 295 	294 	3649
f 268 	324 	295
f 243 	293 	296
f 4182 	243 	296
f 120 	300 	298
f 174 	276 	167
f 312 	124 	84
f 219 	124 	312
f 299 	298 	300
f 273 	93 	290
f 290 	210 	273
f 71 	68 	318
f 303 	299 	3669
f 76 	74 	304
f 322 	76 	304
f 309 	311 	307
f 311 	312 	307
f 311 	219 	312
f 305 	336 	303
f 311 	34 	219
f 305 	303 	308
f 314 	305 	308
f 355 	312 	84
f 286 	292 	189
f 284 	345 	302
f 617 	313 	306
f 309 	317 	311
f 315 	189 	292
f 317 	69 	311
f 317 	70 	69
f 317 	68 	70
f 317 	318 	68
f 71 	318 	319
f 99 	313 	320
f 71 	319 	304
f 302 	363 	321
f 294 	305 	314
f 319 	322 	304
f 323 	3882 	324
f 326 	337 	316
f 326 	333 	337
f 4122 	325 	328
f 3885 	268 	244
f 329 	107 	99
f 3885 	323 	268
f 316 	337 	329
f 322 	530 	76
f 99 	320 	329
f 329 	320 	316
f 330 	4122 	328
f 313 	99 	306
f 329 	337 	289
f 329 	289 	107
f 330 	332 	321
f 303 	331 	299
f 332 	302 	321
f 332 	284 	302
f 134 	298 	331
f 134 	120 	298
f 331 	298 	299
f 406 	333 	334
f 336 	149 	134
f 152 	149 	336
f 336 	134 	331
f 336 	339 	152
f 406 	337 	333
f 303 	336 	331
f 265 	297 	963
f 294 	336 	305
f 382 	276 	174
f 3171 	340 	236
f 339 	3882 	152
f 334 	766 	677
f 294 	339 	336
f 343 	264 	210
f 169 	165 	338
f 343 	269 	264
f 294 	344 	339
f 290 	343 	210
f 340 	345 	4118
f 782 	875 	338
f 344 	3882 	339
f 290 	289 	343
f 341 	297 	533
f 337 	269 	343
f 337 	343 	289
f 2362 	133 	347
f 113 	2191 	347
f 3882 	344 	324
f 220 	100 	351
f 310 	2191 	410
f 223 	349 	224
f 179 	350 	200
f 350 	587 	568
f 254 	351 	352
f 350 	204 	200
f 1578 	223 	229
f 352 	227 	260
f 299 	300 	354
f 352 	260 	262
f 352 	234 	232
f 352 	232 	227
f 166 	299 	354
f 352 	262 	254
f 354 	173 	166
f 307 	312 	355
f 272 	358 	84
f 354 	300 	357
f 130 	367 	105
f 179 	354 	357
f 365 	279 	348
f 394 	224 	349
f 587 	350 	357
f 179 	357 	350
f 284 	4118 	345
f 353 	134 	149
f 353 	361 	134
f 356 	361 	353
f 130 	359 	367
f 2888 	4123 	363
f 356 	364 	361
f 146 	134 	361
f 364 	711 	146
f 345 	363 	302
f 221 	236 	340
f 366 	2719 	342
f 340 	4118 	221
f 366 	2721 	2719
f 172 	279 	365
f 360 	385 	370
f 359 	614 	367
f 351 	105 	367
f 351 	100 	105
f 362 	385 	371
f 371 	385 	360
f 360 	370 	3113
f 2925 	358 	272
f 152 	375 	149
f 409 	403 	392
f 369 	372 	377
f 353 	149 	375
f 365 	348 	392
f 84 	358 	355
f 373 	378 	375
f 2924 	276 	376
f 379 	820 	356
f 379 	353 	375
f 379 	356 	353
f 2925 	272 	2924
f 377 	2721 	366
f 382 	383 	376
f 378 	379 	375
f 372 	2721 	377
f 458 	375 	281
f 2729 	2731 	346
f 177 	172 	365
f 135 	405 	380
f 382 	376 	276
f 389 	342 	387
f 389 	366 	342
f 174 	169 	382
f 486 	315 	282
f 382 	169 	338
f 280 	386 	281
f 132 	380 	390
f 327 	282 	292
f 132 	390 	359
f 383 	382 	393
f 3008 	383 	393
f 338 	875 	382
f 283 	386 	280
f 452 	362 	397
f 342 	346 	394
f 395 	388 	386
f 387 	342 	394
f 395 	386 	283
f 397 	301 	410
f 186 	398 	285
f 365 	392 	177
f 441 	381 	396
f 398 	395 	285
f 399 	381 	441
f 393 	382 	391
f 399 	141 	381
f 193 	401 	203
f 286 	409 	327
f 2924 	272 	276
f 401 	398 	203
f 397 	400 	452
f 403 	409 	286
f 301 	310 	410
f 193 	208 	401
f 403 	177 	392
f 410 	400 	397
f 3008 	393 	3009
f 402 	366 	389
f 286 	327 	292
f 405 	141 	399
f 419 	402 	389
f 405 	135 	141
f 402 	377 	366
f 113 	431 	400
f 346 	224 	394
f 263 	337 	406
f 269 	337 	263
f 403 	286 	177
f 408 	389 	387
f 831 	406 	334
f 436 	18 	413
f 453 	197 	412
f 197 	199 	412
f 199 	435 	412
f 400 	431 	575
f 4 	417 	7
f 415 	418 	454
f 413 	18 	417
f 417 	427 	413
f 415 	420 	418
f 408 	419 	389
f 422 	370 	385
f 419 	424 	402
f 417 	18 	7
f 424 	377 	402
f 420 	423 	418
f 575 	429 	400
f 557 	427 	537
f 537 	427 	417
f 412 	435 	411
f 435 	369 	411
f 4 	540 	417
f 432 	439 	421
f 433 	3023 	430
f 438 	436 	413
f 509 	409 	392
f 400 	429 	437
f 374 	369 	435
f 509 	392 	348
f 17 	436 	21
f 396 	421 	439
f 176 	21 	436
f 377 	424 	369
f 176 	436 	438
f 411 	369 	424
f 449 	634 	438
f 362 	452 	385
f 441 	396 	439
f 279 	440 	348
f 466 	531 	423
f 440 	279 	271
f 413 	442 	443
f 444 	438 	413
f 400 	437 	452
f 561 	445 	271
f 446 	414 	421
f 444 	413 	443
f 385 	452 	422
f 458 	386 	447
f 446 	421 	448
f 422 	452 	426
f 452 	460 	426
f 438 	444 	449
f 381 	141 	161
f 271 	445 	440
f 4222 	414 	446
f 446 	147 	4161
f 421 	396 	448
f 388 	447 	386
f 184 	396 	381
f 443 	449 	444
f 381 	161 	184
f 418 	423 	454
f 427 	428 	456
f 184 	448 	396
f 412 	411 	453
f 428 	442 	456
f 2053 	454 	423
f 427 	456 	413
f 459 	442 	428
f 1632 	419 	408
f 424 	457 	411
f 531 	450 	423
f 531 	549 	450
f 459 	428 	604
f 3842 	3110 	434
f 428 	557 	604
f 282 	451 	486
f 413 	456 	442
f 452 	437 	661
f 451 	282 	327
f 447 	450 	458
f 528 	327 	409
f 386 	458 	281
f 409 	536 	528
f 528 	451 	327
f 144 	3782 	468
f 449 	465 	634
f 315 	194 	189
f 423 	420 	466
f 449 	443 	465
f 469 	442 	459
f 472 	213 	473
f 472 	12 	213
f 473 	213 	11
f 11 	216 	473
f 473 	216 	547
f 271 	476 	561
f 468 	3782 	474
f 475 	470 	657
f 472 	561 	476
f 474 	479 	471
f 214 	472 	476
f 475 	463 	470
f 214 	12 	472
f 469 	459 	604
f 469 	465 	442
f 977 	254 	262
f 801 	547 	216
f 480 	479 	153
f 470 	463 	469
f 463 	465 	469
f 495 	83 	87
f 465 	443 	442
f 495 	87 	92
f 482 	484 	483
f 1169 	1173 	432
f 484 	485 	487
f 495 	315 	486
f 457 	453 	411
f 1811 	453 	457
f 485 	58 	487
f 441 	439 	628
f 628 	632 	441
f 490 	489 	491
f 399 	441 	632
f 491 	83 	490
f 464 	455 	488
f 455 	481 	488
f 492 	485 	484
f 492 	484 	482
f 495 	581 	490
f 496 	421 	414
f 433 	430 	497
f 59 	485 	492
f 433 	497 	498
f 574 	581 	486
f 499 	487 	58
f 499 	484 	487
f 486 	581 	495
f 499 	502 	484
f 502 	483 	484
f 315 	495 	92
f 497 	500 	498
f 502 	580 	483
f 58 	72 	499
f 500 	522 	498
f 72 	505 	499
f 505 	507 	502
f 433 	498 	462
f 507 	511 	502
f 505 	502 	499
f 496 	520 	1084
f 508 	510 	430
f 72 	516 	505
f 516 	507 	505
f 297 	265 	513
f 509 	440 	512
f 509 	348 	440
f 497 	430 	510
f 519 	511 	507
f 500 	497 	510
f 440 	445 	512
f 416 	503 	501
f 479 	474 	153
f 432 	421 	496
f 532 	512 	514
f 432 	496 	416
f 496 	503 	416
f 500 	510 	494
f 545 	515 	480
f 416 	501 	664
f 494 	510 	508
f 515 	479 	480
f 1084 	517 	496
f 451 	518 	574
f 507 	516 	519
f 451 	528 	518
f 500 	641 	522
f 675 	511 	519
f 641 	500 	646
f 451 	574 	486
f 519 	524 	527
f 481 	462 	522
f 462 	498 	522
f 501 	503 	526
f 538 	501 	526
f 516 	524 	519
f 680 	519 	527
f 526 	496 	517
f 526 	503 	496
f 530 	524 	75
f 530 	527 	524
f 530 	683 	527
f 528 	542 	518
f 76 	530 	75
f 1098 	520 	4233
f 527 	683 	680
f 477 	583 	529
f 536 	409 	509
f 532 	536 	509
f 477 	478 	585
f 509 	512 	532
f 585 	583 	477
f 525 	506 	504
f 533 	297 	513
f 591 	585 	478
f 483 	534 	482
f 535 	591 	478
f 478 	461 	535
f 506 	850 	521
f 825 	521 	850
f 537 	540 	539
f 966 	481 	947
f 504 	506 	521
f 522 	947 	481
f 539 	540 	534
f 536 	542 	528
f 417 	540 	537
f 540 	482 	534
f 535 	464 	488
f 461 	464 	535
f 492 	482 	540
f 543 	533 	513
f 544 	512 	445
f 580 	534 	483
f 514 	544 	905
f 547 	548 	544
f 545 	586 	515
f 540 	4 	59
f 549 	531 	368
f 59 	492 	540
f 548 	547 	550
f 368 	373 	549
f 551 	554 	552
f 534 	552 	554
f 373 	375 	549
f 160 	553 	603
f 458 	450 	549
f 375 	458 	549
f 428 	427 	557
f 473 	547 	472
f 538 	563 	562
f 604 	557 	554
f 561 	472 	547
f 138 	560 	553
f 190 	560 	138
f 557 	537 	554
f 544 	561 	547
f 544 	445 	561
f 514 	512 	544
f 468 	560 	190
f 554 	537 	539
f 559 	564 	565
f 501 	538 	562
f 471 	722 	566
f 1222 	501 	562
f 547 	801 	550
f 539 	534 	554
f 565 	564 	112
f 559 	730 	564
f 913 	722 	471
f 474 	471 	566
f 587 	559 	565
f 566 	560 	468
f 533 	543 	567
f 562 	569 	567
f 468 	474 	566
f 572 	567 	569
f 562 	563 	569
f 204 	350 	568
f 569 	563 	538
f 341 	533 	572
f 573 	574 	518
f 568 	3840 	204
f 567 	572 	533
f 570 	578 	571
f 552 	578 	551
f 602 	555 	558
f 578 	552 	571
f 555 	589 	556
f 577 	357 	300
f 571 	552 	534
f 581 	582 	579
f 579 	489 	581
f 584 	265 	254
f 584 	513 	265
f 581 	489 	490
f 570 	551 	578
f 543 	513 	584
f 699 	479 	515
f 584 	1662 	543
f 559 	587 	577
f 577 	576 	559
f 582 	1056 	579
f 534 	580 	571
f 577 	587 	357
f 515 	586 	699
f 511 	590 	502
f 351 	367 	614
f 590 	580 	502
f 950 	583 	585
f 581 	573 	582
f 590 	571 	580
f 581 	574 	573
f 586 	545 	3514
f 511 	675 	590
f 588 	589 	601
f 589 	602 	601
f 573 	1071 	1067
f 590 	675 	571
f 560 	566 	592
f 544 	915 	905
f 597 	553 	560
f 560 	592 	597
f 597 	603 	553
f 593 	1068 	1097
f 602 	589 	555
f 599 	338 	165
f 782 	338 	599
f 651 	494 	635
f 599 	165 	163
f 598 	599 	163
f 594 	1070 	621
f 163 	176 	598
f 1059 	1070 	594
f 558 	605 	602
f 438 	598 	176
f 300 	120 	577
f 587 	565 	568
f 554 	551 	607
f 558 	1047 	605
f 405 	608 	380
f 608 	390 	380
f 607 	604 	554
f 609 	2230 	263
f 607 	611 	604
f 608 	359 	390
f 615 	616 	611
f 351 	614 	953
f 953 	352 	351
f 637 	595 	594
f 313 	1012 	320
f 593 	1097 	618
f 4129 	4131 	316
f 608 	405 	1348
f 607 	551 	611
f 551 	615 	611
f 416 	1227 	623
f 416 	623 	432
f 1074 	627 	621
f 1070 	1074 	621
f 1169 	432 	623
f 432 	628 	439
f 627 	624 	622
f 626 	629 	3138
f 628 	1173 	632
f 616 	604 	611
f 465 	463 	634
f 4120 	3892 	631
f 633 	1541 	876
f 648 	600 	610
f 908 	635 	494
f 610 	595 	649
f 332 	330 	3893
f 656 	657 	470
f 637 	594 	636
f 638 	616 	470
f 470 	469 	638
f 332 	3893 	3892
f 636 	621 	640
f 469 	604 	638
f 594 	621 	636
f 641 	947 	522
f 615 	728 	642
f 630 	425 	639
f 640 	627 	622
f 616 	615 	642
f 640 	621 	627
f 591 	535 	643
f 728 	645 	642
f 431 	160 	647
f 641 	646 	1022
f 160 	603 	647
f 606 	647 	603
f 595 	637 	649
f 642 	650 	616
f 642 	645 	650
f 647 	575 	431
f 648 	610 	649
f 606 	575 	647
f 1014 	646 	651
f 651 	646 	500
f 606 	652 	575
f 654 	636 	653
f 654 	637 	636
f 655 	959 	643
f 652 	429 	575
f 643 	488 	655
f 656 	470 	616
f 488 	643 	535
f 416 	664 	1227
f 636 	640 	653
f 655 	481 	966
f 658 	652 	987
f 682 	640 	622
f 650 	1142 	657
f 488 	481 	655
f 500 	494 	651
f 652 	658 	429
f 650 	657 	656
f 658 	437 	429
f 713 	637 	654
f 1142 	650 	645
f 628 	432 	1173
f 662 	625 	692
f 616 	650 	656
f 638 	604 	616
f 649 	637 	713
f 660 	508 	430
f 620 	665 	619
f 615 	570 	663
f 663 	707 	615
f 619 	665 	681
f 615 	551 	570
f 668 	666 	667
f 658 	982 	661
f 3476 	669 	620
f 658 	661 	437
f 668 	670 	666
f 3476 	31 	669
f 570 	571 	668
f 669 	684 	689
f 661 	460 	452
f 570 	668 	667
f 28 	684 	669
f 31 	28 	669
f 675 	668 	571
f 661 	674 	460
f 675 	680 	668
f 620 	669 	665
f 694 	681 	665
f 695 	676 	679
f 680 	675 	519
f 4195 	671 	679
f 671 	696 	679
f 696 	695 	679
f 683 	670 	680
f 653 	640 	682
f 670 	668 	680
f 831 	334 	677
f 1034 	4063 	673
f 684 	97 	491
f 736 	570 	667
f 691 	667 	666
f 765 	684 	491
f 688 	770 	855
f 682 	622 	686
f 770 	688 	677
f 715 	586 	3528
f 622 	624 	686
f 681 	686 	624
f 624 	619 	681
f 670 	761 	666
f 672 	690 	671
f 1079 	673 	771
f 736 	667 	691
f 669 	694 	665
f 695 	729 	676
f 691 	666 	761
f 625 	270 	708
f 715 	685 	586
f 745 	467 	631
f 689 	733 	694
f 671 	734 	696
f 669 	689 	694
f 735 	335 	467
f 685 	687 	699
f 662 	692 	702
f 687 	906 	699
f 654 	653 	721
f 564 	617 	306
f 699 	586 	685
f 702 	771 	662
f 705 	659 	704
f 663 	697 	707
f 662 	771 	673
f 356 	781 	364
f 705 	11 	659
f 699 	913 	471
f 699 	471 	479
f 697 	663 	570
f 712 	714 	709
f 697 	698 	707
f 467 	745 	735
f 356 	425 	630
f 715 	3373 	685
f 704 	648 	710
f 707 	698 	716
f 714 	703 	709
f 704 	659 	648
f 356 	630 	828
f 649 	713 	710
f 698 	717 	716
f 698 	700 	718
f 710 	648 	649
f 719 	3373 	715
f 692 	625 	708
f 698 	718 	717
f 712 	4213 	676
f 676 	729 	712
f 708 	720 	702
f 711 	796 	726
f 690 	725 	671
f 576 	146 	711
f 737 	682 	723
f 711 	726 	559
f 737 	653 	682
f 712 	727 	714
f 682 	686 	723
f 726 	730 	559
f 724 	723 	686
f 707 	716 	728
f 820 	870 	639
f 711 	559 	576
f 686 	681 	724
f 727 	712 	729
f 728 	716 	717
f 726 	796 	731
f 717 	644 	645
f 717 	645 	728
f 708 	735 	720
f 731 	796 	617
f 696 	732 	695
f 615 	707 	728
f 695 	732 	729
f 726 	731 	730
f 692 	708 	702
f 564 	730 	731
f 671 	725 	734
f 731 	617 	564
f 717 	718 	644
f 732 	696 	734
f 736 	697 	570
f 738 	739 	697
f 788 	721 	737
f 721 	653 	737
f 739 	738 	1200
f 1200 	1201 	739
f 740 	721 	792
f 740 	654 	721
f 736 	738 	697
f 690 	743 	725
f 743 	754 	725
f 681 	741 	724
f 739 	1175 	697
f 754 	757 	725
f 693 	736 	691
f 592 	566 	722
f 736 	746 	738
f 745 	631 	751
f 701 	744 	743
f 690 	701 	743
f 736 	693 	746
f 741 	723 	724
f 744 	918 	748
f 747 	597 	592
f 800 	801 	704
f 704 	801 	705
f 1196 	739 	1201
f 748 	921 	749
f 747 	750 	597
f 748 	923 	921
f 918 	923 	748
f 745 	751 	804
f 750 	603 	597
f 379 	378 	820
f 710 	713 	740
f 713 	654 	740
f 752 	760 	606
f 530 	322 	2910
f 2910 	755 	530
f 721 	788 	792
f 743 	780 	754
f 800 	704 	710
f 755 	683 	530
f 752 	606 	750
f 755 	758 	683
f 491 	489 	756
f 603 	750 	606
f 754 	789 	757
f 758 	670 	683
f 758 	761 	670
f 764 	765 	756
f 491 	756 	765
f 333 	763 	334
f 761 	758 	3161
f 763 	766 	334
f 689 	684 	765
f 761 	769 	691
f 769 	693 	691
f 768 	4097 	742
f 780 	743 	744
f 693 	769 	746
f 765 	764 	689
f 767 	748 	811
f 1263 	1269 	769
f 744 	748 	767
f 677 	766 	770
f 772 	822 	741
f 4097 	768 	523
f 694 	772 	681
f 681 	772 	741
f 764 	829 	733
f 773 	775 	815
f 773 	1016 	775
f 776 	634 	777
f 776 	438 	634
f 733 	689 	764
f 1016 	773 	749
f 438 	776 	598
f 777 	598 	776
f 777 	599 	598
f 829 	772 	733
f 777 	779 	599
f 772 	694 	733
f 599 	779 	782
f 754 	780 	783
f 723 	741 	844
f 699 	906 	913
f 720 	771 	702
f 779 	785 	782
f 779 	787 	785
f 742 	784 	768
f 777 	886 	779
f 771 	720 	778
f 783 	789 	754
f 523 	768 	784
f 781 	711 	364
f 792 	790 	740
f 784 	793 	523
f 794 	757 	789
f 794 	798 	757
f 797 	800 	795
f 778 	720 	802
f 797 	801 	800
f 799 	816 	660
f 735 	802 	720
f 780 	744 	767
f 816 	805 	660
f 801 	797 	803
f 735 	745 	802
f 804 	802 	745
f 550 	801 	803
f 216 	705 	801
f 786 	798 	794
f 780 	807 	783
f 660 	805 	508
f 795 	710 	790
f 710 	740 	790
f 806 	808 	525
f 795 	800 	710
f 807 	811 	834
f 523 	806 	525
f 807 	767 	811
f 780 	767 	807
f 842 	808 	806
f 506 	525 	808
f 788 	812 	792
f 384 	378 	373
f 753 	817 	751
f 748 	810 	811
f 812 	991 	792
f 523 	793 	806
f 817 	804 	751
f 815 	775 	819
f 639 	356 	820
f 816 	821 	805
f 817 	813 	804
f 815 	810 	773
f 810 	749 	773
f 748 	749 	810
f 378 	870 	820
f 816 	866 	821
f 774 	4114 	818
f 805 	821 	494
f 853 	794 	789
f 822 	772 	826
f 494 	508 	805
f 827 	814 	854
f 829 	826 	772
f 829 	1715 	826
f 799 	809 	833
f 804 	832 	802
f 834 	1589 	830
f 834 	835 	1589
f 804 	813 	832
f 1040 	1715 	829
f 836 	992 	812
f 830 	1589 	837
f 812 	788 	836
f 833 	864 	863
f 828 	630 	639
f 788 	838 	836
f 737 	838 	788
f 778 	802 	832
f 838 	839 	836
f 799 	833 	816
f 859 	835 	834
f 992 	836 	1010
f 878 	835 	859
f 778 	840 	771
f 839 	844 	843
f 741 	822 	843
f 844 	741 	843
f 771 	762 	759
f 838 	844 	839
f 838 	723 	844
f 783 	807 	830
f 737 	723 	838
f 762 	771 	840
f 834 	830 	807
f 847 	848 	857
f 857 	848 	532
f 848 	536 	532
f 848 	542 	536
f 849 	789 	783
f 847 	895 	848
f 849 	783 	830
f 881 	814 	845
f 542 	848 	895
f 850 	506 	856
f 849 	830 	837
f 821 	908 	494
f 789 	849 	853
f 846 	828 	850
f 847 	857 	858
f 854 	814 	881
f 857 	532 	514
f 856 	506 	842
f 810 	878 	859
f 834 	811 	859
f 850 	856 	846
f 688 	855 	862
f 860 	852 	851
f 811 	810 	859
f 861 	852 	860
f 808 	842 	506
f 828 	1075 	850
f 864 	809 	827
f 514 	865 	857
f 833 	809 	864
f 825 	850 	1075
f 865 	514 	905
f 864 	827 	854
f 865 	858 	857
f 854 	892 	864
f 877 	870 	384
f 824 	786 	867
f 866 	833 	863
f 866 	816 	833
f 871 	573 	518
f 1611 	794 	853
f 841 	873 	845
f 639 	870 	828
f 855 	868 	862
f 841 	1546 	873
f 819 	899 	898
f 1254 	899 	819
f 391 	875 	785
f 785 	875 	782
f 874 	903 	862
f 880 	878 	810
f 845 	873 	881
f 391 	382 	875
f 882 	787 	886
f 868 	874 	862
f 869 	955 	879
f 787 	779 	886
f 880 	1620 	878
f 1620 	880 	1621
f 928 	869 	879
f 854 	881 	883
f 881 	1557 	883
f 882 	886 	887
f 882 	887 	885
f 454 	874 	415
f 634 	890 	887
f 874 	454 	903
f 871 	1051 	573
f 612 	831 	891
f 840 	893 	762
f 612 	609 	831
f 883 	892 	854
f 677 	891 	831
f 688 	891 	677
f 542 	895 	871
f 840 	879 	893
f 819 	898 	904
f 888 	860 	884
f 863 	864 	892
f 860 	851 	884
f 898 	894 	896
f 862 	897 	891
f 542 	871 	518
f 899 	894 	898
f 862 	903 	897
f 871 	895 	1048
f 858 	865 	932
f 862 	891 	688
f 901 	872 	869
f 813 	935 	901
f 821 	866 	912
f 813 	817 	907
f 815 	880 	810
f 935 	813 	907
f 815 	904 	880
f 901 	832 	813
f 904 	1621 	880
f 2345 	897 	903
f 904 	896 	1621
f 819 	904 	815
f 902 	978 	900
f 908 	1011 	635
f 898 	896 	904
f 905 	909 	865
f 910 	894 	899
f 910 	889 	894
f 544 	548 	915
f 823 	907 	817
f 1569 	912 	863
f 866 	863 	912
f 911 	823 	914
f 877 	384 	902
f 548 	924 	915
f 877 	902 	900
f 3383 	913 	906
f 905 	915 	909
f 908 	821 	912
f 944 	911 	914
f 791 	914 	823
f 938 	907 	911
f 916 	722 	913
f 911 	907 	823
f 918 	744 	701
f 938 	935 	907
f 917 	550 	803
f 701 	4194 	918
f 3390 	920 	916
f 945 	940 	917
f 870 	1075 	828
f 924 	550 	917
f 3133 	929 	919
f 924 	548 	550
f 916 	920 	722
f 918 	4198 	923
f 791 	922 	914
f 920 	592 	722
f 940 	924 	917
f 940 	939 	909
f 919 	925 	596
f 909 	915 	924
f 921 	293 	927
f 909 	924 	940
f 923 	296 	293
f 778 	832 	928
f 926 	747 	920
f 4198 	296 	923
f 869 	928 	901
f 923 	293 	921
f 3133 	529 	929
f 832 	901 	928
f 930 	927 	293
f 931 	629 	626
f 920 	747 	592
f 879 	840 	928
f 933 	750 	747
f 865 	909 	932
f 949 	930 	287
f 840 	778 	928
f 932 	1110 	858
f 1541 	633 	629
f 932 	936 	1104
f 901 	935 	872
f 930 	293 	287
f 1104 	1110 	932
f 926 	933 	747
f 931 	626 	941
f 909 	936 	932
f 970 	935 	938
f 943 	703 	999
f 750 	933 	752
f 999 	1000 	943
f 936 	909 	939
f 3393 	752 	933
f 529 	583 	929
f 914 	922 	944
f 703 	943 	706
f 936 	939 	1267
f 890 	463 	475
f 1013 	911 	944
f 870 	1081 	1075
f 583 	950 	929
f 886 	634 	887
f 1018 	946 	945
f 890 	634 	463
f 938 	911 	1013
f 996 	943 	1000
f 939 	940 	945
f 887 	890 	951
f 925 	626 	596
f 937 	943 	996
f 925 	941 	626
f 634 	886 	777
f 944 	922 	1372
f 939 	945 	946
f 969 	885 	887
f 591 	954 	585
f 954 	950 	585
f 949 	952 	1020
f 953 	1322 	234
f 956 	954 	591
f 956 	1005 	954
f 572 	569 	960
f 953 	234 	352
f 960 	341 	572
f 956 	643 	959
f 973 	960 	958
f 591 	643 	956
f 641 	1022 	947
f 949 	963 	952
f 885 	969 	964
f 287 	288 	963
f 980 	860 	955
f 949 	287 	963
f 955 	893 	879
f 341 	967 	297
f 955 	860 	888
f 955 	888 	893
f 869 	957 	955
f 967 	963 	297
f 964 	968 	961
f 869 	872 	957
f 964 	969 	968
f 341 	981 	967
f 678 	1074 	1064
f 962 	961 	968
f 970 	872 	935
f 969 	887 	951
f 981 	341 	960
f 995 	970 	972
f 974 	890 	475
f 674 	661 	971
f 1095 	1081 	877
f 969 	974 	968
f 965 	232 	1322
f 1095 	877 	900
f 1287 	232 	965
f 963 	967 	976
f 952 	963 	976
f 981 	976 	967
f 406 	609 	263
f 1417 	584 	254
f 406 	831 	609
f 980 	955 	979
f 990 	531 	466
f 981 	1044 	976
f 981 	960 	973
f 981 	973 	1044
f 957 	979 	955
f 984 	982 	983
f 988 	978 	902
f 984 	661 	982
f 1096 	466 	420
f 501 	1544 	664
f 948 	979 	957
f 984 	1100 	971
f 1544 	1227 	664
f 971 	661 	984
f 1222 	562 	1566
f 989 	2238 	948
f 958 	1088 	985
f 983 	3476 	620
f 658 	987 	982
f 970 	989 	872
f 989 	948 	957
f 991 	812 	992
f 966 	959 	655
f 1049 	985 	986
f 989 	957 	872
f 994 	991 	993
f 1096 	990 	466
f 994 	790 	991
f 995 	989 	970
f 790 	792 	991
f 1052 	1106 	978
f 929 	997 	919
f 1002 	990 	1007
f 992 	1010 	1779
f 988 	1052 	978
f 929 	950 	1037
f 843 	822 	1713
f 999 	703 	1001
f 994 	1015 	1003
f 1015 	1018 	1003
f 714 	1004 	703
f 988 	1002 	1052
f 1001 	703 	1004
f 994 	1003 	795
f 1004 	1111 	1001
f 795 	1003 	797
f 714 	727 	1004
f 1003 	1018 	945
f 727 	1111 	1004
f 1003 	803 	797
f 1121 	727 	729
f 917 	803 	1003
f 1121 	1111 	727
f 945 	917 	1003
f 795 	790 	994
f 846 	356 	828
f 729 	732 	786
f 839 	1010 	836
f 944 	1488 	1008
f 1156 	959 	966
f 757 	734 	725
f 798 	734 	757
f 1024 	1009 	1007
f 798 	732 	734
f 839 	843 	1713
f 798 	786 	732
f 998 	972 	1013
f 749 	921 	927
f 316 	1012 	4129
f 938 	1013 	972
f 970 	938 	972
f 1142 	968 	974
f 320 	1012 	316
f 1015 	994 	993
f 749 	927 	1016
f 974 	969 	951
f 635 	1011 	1014
f 927 	930 	1016
f 1017 	998 	1013
f 793 	617 	796
f 930 	949 	1016
f 912 	1011 	908
f 998 	1017 	1006
f 1011 	912 	1642
f 951 	890 	974
f 1013 	944 	1017
f 775 	1019 	819
f 657 	1142 	974
f 1008 	1006 	1017
f 775 	1016 	1019
f 1008 	1017 	944
f 651 	635 	1014
f 1015 	1838 	1018
f 1124 	1162 	1014
f 639 	425 	356
f 1022 	646 	1014
f 1838 	946 	1018
f 475 	657 	974
f 1027 	1020 	952
f 1162 	1022 	1014
f 1019 	1020 	1021
f 1023 	787 	882
f 1025 	919 	997
f 925 	919 	1025
f 1019 	1021 	819
f 1016 	949 	1020
f 1023 	785 	787
f 1016 	1020 	1019
f 885 	1023 	882
f 885 	964 	1023
f 952 	976 	1027
f 1023 	964 	961
f 1021 	1027 	1029
f 1009 	1024 	1026
f 1021 	1020 	1027
f 1031 	1113 	2097
f 1027 	1030 	1029
f 1239 	1023 	1243
f 1031 	1028 	931
f 931 	941 	1031
f 1243 	1023 	1033
f 1031 	941 	1025
f 579 	1053 	1035
f 925 	1025 	941
f 937 	996 	1036
f 489 	1035 	756
f 764 	756 	1035
f 1036 	996 	1055
f 1709 	1708 	1035
f 1717 	1713 	822
f 954 	1041 	950
f 973 	958 	1038
f 1035 	1040 	764
f 1032 	1034 	673
f 1041 	1037 	950
f 1040 	829 	764
f 1039 	973 	1038
f 1040 	1035 	1708
f 1044 	973 	1039
f 1038 	958 	985
f 1717 	822 	826
f 489 	579 	1035
f 558 	1042 	1047
f 987 	983 	982
f 1067 	1056 	582
f 1044 	1039 	1065
f 3476 	983 	1045
f 1043 	1026 	1024
f 582 	573 	1067
f 1027 	976 	1030
f 1034 	1032 	1042
f 1046 	874 	868
f 1063 	1030 	976
f 1135 	1145 	1026
f 1038 	985 	1049
f 1043 	1046 	1026
f 1100 	983 	619
f 983 	987 	1045
f 1050 	652 	606
f 333 	1284 	763
f 605 	1047 	1062
f 871 	1048 	1051
f 1050 	987 	652
f 1032 	1062 	1042
f 987 	1050 	1045
f 1046 	1420 	1026
f 1047 	1042 	1062
f 1077 	1049 	986
f 1099 	1051 	1048
f 895 	847 	1085
f 1036 	986 	937
f 1050 	760 	1045
f 781 	356 	856
f 606 	760 	1050
f 1071 	1051 	1099
f 356 	846 	856
f 996 	1000 	1055
f 856 	711 	781
f 1045 	760 	3393
f 711 	856 	842
f 579 	1056 	1053
f 1053 	1056 	1054
f 1058 	1059 	594
f 1002 	1007 	1052
f 1056 	1057 	1054
f 602 	605 	1062
f 793 	796 	806
f 1039 	1038 	1061
f 1060 	1052 	1007
f 1061 	1171 	1039
f 595 	1058 	594
f 1035 	1053 	1709
f 1007 	1009 	1060
f 3597 	1059 	1058
f 602 	1062 	601
f 1067 	1057 	1056
f 1009 	1026 	1060
f 600 	3597 	1058
f 1067 	1071 	1057
f 1062 	613 	601
f 976 	1044 	1063
f 1063 	1044 	1065
f 1032 	1086 	1072
f 1026 	1420 	1135
f 1032 	1072 	1062
f 1060 	1026 	1145
f 1065 	1039 	1171
f 613 	1072 	593
f 1066 	1070 	1059
f 1072 	1069 	1068
f 902 	531 	990
f 1049 	1077 	1073
f 368 	531 	902
f 1075 	1076 	942
f 1072 	1068 	593
f 1061 	1049 	1073
f 1061 	1038 	1049
f 1086 	1069 	1072
f 902 	384 	373
f 1070 	1064 	1074
f 1064 	1070 	1066
f 785 	1023 	1239
f 613 	1062 	1072
f 1005 	1041 	954
f 373 	368 	902
f 1076 	1430 	942
f 870 	378 	384
f 986 	1036 	1077
f 1055 	1077 	1036
f 1071 	573 	1051
f 1079 	1080 	1032
f 877 	1081 	870
f 1054 	1863 	1736
f 1079 	759 	1080
f 1082 	1025 	1083
f 1079 	1032 	673
f 1085 	1048 	895
f 1095 	1093 	1081
f 937 	517 	1084
f 1025 	997 	1083
f 1032 	1080 	1086
f 958 	960 	569
f 1085 	847 	1091
f 538 	526 	1088
f 1075 	942 	825
f 569 	538 	1088
f 1085 	1087 	1048
f 1075 	1089 	1076
f 678 	1078 	1074
f 569 	1088 	958
f 1089 	1120 	1076
f 517 	1090 	526
f 847 	858 	1091
f 985 	1090 	986
f 902 	990 	988
f 1088 	526 	1090
f 1058 	610 	600
f 678 	674 	1078
f 1090 	985 	1088
f 674 	971 	1078
f 937 	1098 	943
f 1087 	1099 	1048
f 1095 	1152 	1093
f 520 	1098 	1084
f 595 	610 	1058
f 624 	1100 	619
f 1084 	1098 	937
f 1100 	984 	983
f 1068 	1069 	1097
f 1093 	1172 	1114
f 1096 	1007 	990
f 937 	1090 	517
f 1090 	937 	986
f 1099 	1138 	1144
f 988 	990 	1002
f 627 	1078 	624
f 3990 	3784 	1092
f 1098 	4230 	706
f 1074 	1078 	627
f 1098 	706 	943
f 971 	1100 	624
f 1030 	1063 	1101
f 1063 	1242 	1101
f 1078 	971 	624
f 978 	1095 	900
f 1242 	1063 	1065
f 1101 	1029 	1030
f 1104 	936 	1267
f 929 	1107 	997
f 1107 	1083 	997
f 1133 	1130 	1105
f 999 	1105 	1000
f 929 	1037 	1107
f 1037 	1298 	1107
f 1105 	1111 	1133
f 1055 	1000 	1105
f 1095 	978 	1106
f 1001 	1105 	999
f 1111 	1112 	1133
f 3990 	1116 	1115
f 1091 	858 	1110
f 1081 	1114 	1075
f 1276 	1117 	1110
f 1081 	1093 	1114
f 1114 	1172 	1089
f 1111 	1105 	1001
f 1121 	1118 	1111
f 1118 	1112 	1111
f 1116 	3990 	1092
f 1085 	1091 	1119
f 1114 	1089 	1075
f 1091 	1117 	1119
f 1113 	1025 	1082
f 1113 	1031 	1025
f 1277 	1113 	1082
f 1087 	1085 	1119
f 1119 	1129 	1087
f 1120 	1430 	1076
f 1014 	1011 	1122
f 1122 	1123 	1124
f 729 	1125 	1121
f 1118 	1121 	1125
f 1091 	1110 	1117
f 1125 	1184 	1118
f 618 	1097 	1109
f 1125 	729 	786
f 1124 	1014 	1122
f 786 	824 	1125
f 824 	1184 	1125
f 785 	1239 	1257
f 1131 	1087 	1129
f 1131 	1099 	1087
f 1133 	1180 	1130
f 1131 	1129 	1296
f 1136 	1160 	1159
f 1299 	1154 	1127
f 961 	962 	1136
f 1142 	1136 	962
f 1138 	1099 	1131
f 819 	1021 	1254
f 1154 	1140 	1127
f 1141 	1160 	1136
f 1029 	1254 	1021
f 1052 	1060 	1155
f 962 	968 	1142
f 1136 	1142 	1141
f 1140 	4160 	4158
f 1057 	1071 	1099
f 1147 	1055 	1143
f 1138 	1434 	1144
f 1141 	718 	1160
f 1142 	644 	718
f 1142 	645 	644
f 1054 	1057 	1148
f 1142 	718 	1141
f 1148 	1057 	1144
f 521 	825 	1149
f 1149 	504 	521
f 1148 	1451 	1054
f 1054 	1451 	1463
f 1320 	759 	762
f 1152 	1186 	1093
f 1102 	1186 	1152
f 1127 	504 	1149
f 947 	1258 	1153
f 1147 	1150 	1151
f 1147 	1151 	1055
f 1099 	1144 	1057
f 1176 	959 	1156
f 1077 	1151 	1073
f 1077 	1055 	1151
f 1159 	1160 	700
f 1158 	1155 	1060
f 939 	946 	1423
f 1160 	718 	700
f 1161 	922 	791
f 1163 	1151 	1150
f 700 	1157 	1159
f 1060 	1145 	1158
f 1163 	1073 	1151
f 1124 	1123 	1162
f 1136 	1159 	1164
f 1156 	1153 	1168
f 1155 	1194 	1106
f 1167 	1136 	1164
f 1156 	966 	1153
f 1262 	1061 	1073
f 966 	947 	1153
f 961 	1136 	1167
f 1073 	1163 	1262
f 1155 	1106 	1052
f 1153 	1258 	1168
f 1095 	1106 	1152
f 1188 	1167 	1164
f 1262 	1171 	1061
f 1187 	1188 	1164
f 1152 	1106 	1194
f 1193 	961 	1188
f 1265 	1171 	1262
f 1055 	1105 	1143
f 1143 	1105 	1130
f 1188 	961 	1167
f 1086 	1146 	1183
f 697 	1175 	698
f 1079 	771 	759
f 1271 	1171 	1265
f 1175 	700 	698
f 1080 	759 	1316
f 1363 	1037 	1041
f 1175 	1157 	700
f 1271 	1065 	1171
f 1285 	1283 	1172
f 1041 	1005 	1174
f 956 	1176 	1005
f 1176 	1177 	1005
f 1172 	1283 	1120
f 1178 	1092 	1094
f 1177 	1174 	1005
f 1172 	1120 	1089
f 1094 	1108 	1178
f 1143 	1130 	1180
f 1175 	1179 	1157
f 1177 	1368 	1174
f 1109 	1134 	1108
f 1179 	1159 	1157
f 1134 	1109 	1137
f 1132 	1181 	1135
f 1204 	1179 	1175
f 1176 	1170 	1177
f 1181 	1145 	1135
f 1112 	1182 	1133
f 1097 	1069 	1183
f 1170 	1308 	1177
f 1308 	1368 	1177
f 1116 	1202 	1115
f 1182 	1180 	1133
f 1175 	1196 	1204
f 1203 	1202 	1116
f 1181 	1132 	2417
f 1118 	1184 	1112
f 1179 	1164 	1159
f 1178 	1203 	1116
f 1168 	1170 	1176
f 1179 	1185 	1164
f 1116 	1092 	1178
f 1176 	1156 	1168
f 1184 	1182 	1112
f 1185 	1187 	1164
f 956 	959 	1176
f 1211 	1214 	1180
f 1158 	1190 	1155
f 1187 	1185 	1212
f 1146 	1137 	1183
f 1086 	1183 	1069
f 1181 	1158 	1145
f 1033 	1023 	1193
f 1109 	1183 	1137
f 1193 	1023 	961
f 1183 	1109 	1097
f 1193 	1188 	1212
f 1188 	1187 	1212
f 1033 	1193 	1212
f 232 	234 	1322
f 1178 	1108 	1139
f 1196 	1175 	739
f 1190 	1194 	1155
f 1134 	1139 	1108
f 1194 	1102 	1152
f 1186 	1338 	1172
f 746 	1200 	738
f 1197 	1166 	4011
f 1198 	1301 	1199
f 1186 	1172 	1093
f 1198 	1303 	1301
f 1203 	1339 	1202
f 1196 	1201 	1204
f 1198 	1128 	1303
f 1206 	1179 	1204
f 1203 	1178 	1139
f 1206 	1185 	1179
f 1180 	1182 	1771
f 1199 	103 	1198
f 128 	103 	1199
f 1208 	1385 	1197
f 746 	769 	1200
f 103 	1128 	1198
f 1209 	1189 	1115
f 1128 	103 	115
f 1115 	1202 	1209
f 977 	1417 	254
f 1180 	1771 	1211
f 260 	1335 	262
f 1207 	1210 	1213
f 1209 	1208 	1189
f 1215 	1180 	1214
f 1213 	1219 	1102
f 1213 	1210 	1219
f 1185 	1206 	1212
f 1194 	1213 	1102
f 1216 	1218 	187
f 1192 	1180 	1215
f 1212 	1206 	1333
f 1102 	1217 	1186
f 1218 	191 	187
f 1218 	1216 	1355
f 1102 	1219 	1217
f 1180 	1228 	1143
f 1143 	1228 	1147
f 1154 	1223 	1140
f 1223 	1246 	1140
f 1217 	1338 	1186
f 1192 	1228 	1180
f 1150 	1147 	1228
f 1232 	1231 	1233
f 1150 	1228 	1402
f 1544 	501 	1222
f 1080 	1224 	1086
f 1231 	1207 	1233
f 1228 	1192 	1402
f 1244 	1234 	1232
f 1333 	1201 	1229
f 1234 	1231 	1232
f 1244 	1252 	1234
f 1224 	1146 	1086
f 1233 	1181 	1232
f 1239 	1351 	1278
f 1190 	1158 	1233
f 1158 	1181 	1233
f 1230 	4202 	1237
f 1101 	1242 	1241
f 1181 	2417 	1244
f 1243 	1351 	1239
f 1140 	1246 	1247
f 1245 	1033 	1212
f 1238 	1241 	1242
f 1250 	1251 	1248
f 1244 	1232 	1181
f 1252 	1244 	2417
f 1212 	1249 	1245
f 1249 	1315 	1245
f 1122 	1191 	1123
f 1191 	1253 	1123
f 1247 	1246 	1236
f 1190 	1233 	1207
f 1254 	910 	899
f 1254 	1101 	1241
f 1213 	1190 	1207
f 1029 	1101 	1254
f 1224 	1255 	2679
f 1254 	1241 	1305
f 1190 	1213 	1194
f 1255 	1226 	1261
f 1256 	1258 	947
f 1224 	1226 	1255
f 1250 	1224 	2679
f 1149 	825 	1288
f 1168 	1258 	1312
f 1120 	1259 	1260
f 1278 	1257 	1239
f 1261 	852 	2674
f 1170 	1168 	1312
f 785 	1257 	391
f 393 	391 	1257
f 1255 	1261 	2674
f 1363 	1298 	1037
f 1256 	1022 	1162
f 1261 	851 	852
f 947 	1022 	1256
f 1253 	1162 	1123
f 851 	1261 	1226
f 1253 	1274 	1256
f 1253 	1256 	1162
f 1268 	2716 	1266
f 769 	761 	1263
f 1270 	1258 	1256
f 1270 	1312 	1258
f 1240 	1265 	1281
f 1287 	1267 	1335
f 1265 	1240 	1271
f 1191 	1472 	1253
f 1104 	1267 	1287
f 1269 	1229 	769
f 1472 	1274 	1253
f 1273 	1354 	1248
f 1238 	1271 	1240
f 1443 	1273 	1268
f 1275 	1110 	1104
f 1271 	1242 	1065
f 1242 	1271 	1238
f 1270 	1256 	1274
f 1275 	1276 	1110
f 1220 	1273 	1443
f 1220 	1354 	1273
f 1344 	1220 	1443
f 1277 	1082 	1279
f 1082 	1083 	1279
f 1083 	1107 	1279
f 1278 	1351 	404
f 1265 	1262 	1280
f 1265 	1280 	1281
f 1278 	393 	1257
f 1120 	1283 	1259
f 2990 	393 	1278
f 1272 	1284 	4214
f 1172 	1338 	1285
f 1225 	1221 	1286
f 1397 	1281 	1280
f 1275 	1104 	1287
f 1219 	1289 	1217
f 965 	1275 	1287
f 1291 	1333 	1229
f 1286 	1221 	1290
f 1291 	1293 	1333
f 1293 	1294 	1249
f 1338 	1217 	1295
f 1287 	1335 	260
f 825 	942 	1288
f 1306 	1315 	1249
f 1291 	1294 	1293
f 227 	1287 	260
f 1290 	1126 	1286
f 1287 	227 	232
f 1376 	1375 	1279
f 1471 	1240 	1281
f 1310 	1033 	1315
f 1298 	1376 	1279
f 1298 	1279 	1107
f 1299 	1127 	1288
f 191 	1218 	1225
f 1127 	1149 	1288
f 1300 	1238 	1240
f 1225 	4234 	191
f 1241 	1238 	1300
f 1292 	1299 	1288
f 1290 	1307 	1126
f 1170 	1312 	1476
f 1318 	1119 	1117
f 1305 	910 	1254
f 1363 	1041 	1174
f 1309 	1299 	1292
f 1129 	1302 	1296
f 1299 	1309 	1154
f 1129 	1119 	1302
f 1302 	614 	359
f 1033 	1245 	1315
f 1305 	1241 	1304
f 1126 	1307 	1128
f 1309 	1223 	1154
f 1297 	1309 	1292
f 1305 	889 	910
f 1307 	1303 	1128
f 1304 	1241 	1300
f 1297 	1311 	1309
f 1243 	1033 	1310
f 1289 	1295 	1217
f 1313 	1305 	1304
f 1080 	1316 	1224
f 359 	1296 	1302
f 1199 	1301 	1568
f 1322 	1117 	1276
f 1276 	1275 	1322
f 1323 	1310 	1315
f 1295 	1810 	1314
f 1316 	1226 	1224
f 851 	1226 	884
f 1318 	1302 	1119
f 1323 	1243 	1310
f 953 	1302 	1318
f 1319 	1303 	1307
f 888 	884 	1320
f 1322 	1318 	1117
f 1243 	1323 	1282
f 1320 	884 	1226
f 1301 	1303 	1319
f 953 	1318 	1322
f 1249 	1294 	1306
f 1290 	1319 	1307
f 1789 	1219 	1210
f 759 	1320 	1316
f 1301 	1319 	1331
f 893 	1320 	762
f 1316 	1320 	1226
f 1322 	1275 	965
f 614 	1302 	953
f 2091 	1282 	1323
f 888 	1320 	893
f 1326 	1325 	1324
f 1200 	769 	1229
f 1328 	1134 	1137
f 1325 	1326 	1997
f 1331 	1332 	1329
f 1229 	1201 	1200
f 1260 	1259 	1324
f 2443 	1260 	1324
f 1206 	1204 	1333
f 1137 	1146 	1330
f 1204 	1201 	1333
f 1331 	1334 	1332
f 1333 	1293 	1249
f 1285 	1338 	1295
f 1426 	977 	262
f 1333 	1249 	1212
f 1291 	1362 	1294
f 1203 	1340 	1339
f 1341 	1326 	1324
f 1283 	1341 	1259
f 1606 	1329 	1332
f 1341 	1324 	1259
f 1340 	1139 	1344
f 2169 	1306 	1294
f 1346 	1345 	1195
f 1340 	1203 	1139
f 1195 	1771 	1346
f 1339 	1452 	1347
f 1314 	1326 	1341
f 1343 	1349 	1348
f 1295 	1314 	1341
f 1343 	1342 	1349
f 1349 	1138 	1131
f 1342 	1434 	1349
f 1285 	1341 	1283
f 1278 	404 	2990
f 1139 	1134 	1344
f 1285 	1295 	1341
f 1134 	1328 	1344
f 1224 	1250 	1330
f 1216 	178 	1350
f 1351 	1243 	1282
f 1353 	1305 	1313
f 1131 	1357 	1349
f 1330 	1146 	1224
f 608 	1348 	1357
f 889 	1305 	1353
f 1328 	1220 	1344
f 1330 	1354 	1137
f 407 	404 	1384
f 1384 	2996 	407
f 1137 	1354 	1328
f 1355 	1216 	1405
f 1313 	1317 	1353
f 1357 	1131 	1296
f 1248 	1354 	1330
f 1409 	1355 	1405
f 359 	608 	1357
f 1248 	1330 	1250
f 1317 	1356 	1353
f 1340 	1358 	1339
f 1321 	1356 	1317
f 1296 	359 	1357
f 1348 	1349 	1357
f 1350 	178 	201
f 1360 	1356 	1321
f 1311 	1246 	1223
f 1223 	1309 	1311
f 1328 	1354 	1220
f 1358 	1452 	1339
f 1230 	1365 	4209
f 1306 	1364 	1315
f 1364 	1323 	1315
f 1363 	1458 	1298
f 1298 	1458 	1376
f 1230 	1386 	1365
f 1363 	1174 	1368
f 1308 	1465 	1368
f 1370 	1369 	1235
f 1235 	1236 	1370
f 1308 	1170 	1466
f 1230 	1237 	1369
f 1386 	1230 	1369
f 922 	1161 	1372
f 1466 	1465 	1308
f 1237 	1235 	1369
f 1166 	1373 	1161
f 1373 	1372 	1161
f 2156 	1362 	109
f 2156 	1294 	1362
f 1367 	1165 	1227
f 1806 	1382 	1388
f 1359 	1361 	1342
f 1166 	1377 	1373
f 1282 	2091 	1391
f 1327 	1785 	1813
f 1197 	1380 	1166
f 1380 	1377 	1166
f 1801 	1374 	1382
f 1381 	1462 	1378
f 1365 	1381 	4209
f 1367 	1383 	1165
f 1197 	1385 	1380
f 1365 	1386 	1387
f 1813 	1806 	1327
f 1202 	1347 	1209
f 1327 	1806 	1388
f 1390 	1221 	1225
f 1225 	1218 	1390
f 1379 	1390 	1412
f 1323 	1364 	2091
f 1383 	1169 	1165
f 1392 	1150 	1402
f 1392 	1163 	1150
f 1392 	1393 	1163
f 1369 	1396 	1386
f 1221 	1390 	1379
f 1390 	1218 	1355
f 1361 	1441 	1342
f 1394 	1290 	1221
f 1406 	1395 	1359
f 1319 	1290 	1394
f 1397 	1163 	1393
f 1394 	1221 	1379
f 1397 	1262 	1163
f 1397 	1280 	1262
f 1396 	1398 	1478
f 1395 	1169 	1383
f 1369 	1370 	1396
f 1395 	1173 	1169
f 1246 	1399 	1236
f 1405 	1350 	1425
f 1359 	1342 	1406
f 1405 	1216 	1350
f 1311 	1399 	1246
f 1403 	1408 	1400
f 1406 	1173 	1395
f 1370 	1398 	1396
f 1406 	1342 	1343
f 1370 	1236 	1398
f 1236 	1399 	1398
f 632 	1173 	1406
f 1410 	1415 	1411
f 1412 	1355 	1409
f 1355 	1412 	1390
f 1379 	1418 	1394
f 1410 	1411 	1419
f 1317 	1520 	1321
f 1418 	1379 	1497
f 1132 	1135 	1420
f 1420 	1419 	1411
f 1392 	1480 	1393
f 1456 	1418 	1497
f 1421 	1892 	1637
f 1418 	1337 	1394
f 1448 	1337 	1418
f 1304 	1516 	2504
f 1401 	1400 	1404
f 1424 	1423 	1414
f 4210 	4212 	1410
f 1505 	212 	453
f 1513 	1425 	1350
f 1440 	1415 	1410
f 1426 	1423 	1424
f 201 	207 	1350
f 939 	1427 	1267
f 1513 	1350 	212
f 939 	1423 	1427
f 1202 	1339 	1347
f 1426 	1427 	1423
f 1440 	1410 	4212
f 207 	212 	1350
f 1426 	1335 	1427
f 1345 	3096 	1195
f 1335 	1267 	1427
f 1428 	1455 	1208
f 1494 	1205 	1195
f 1264 	1419 	1046
f 1211 	1205 	1494
f 1414 	1429 	1649
f 1211 	1494 	1214
f 1264 	1272 	1419
f 1429 	1838 	1421
f 1429 	946 	1838
f 1272 	4214 	1419
f 212 	1507 	1513
f 1208 	1209 	1428
f 1421 	1649 	1429
f 1420 	1046 	1419
f 1414 	1423 	1429
f 1428 	1209 	1347
f 1429 	1423 	946
f 1331 	1329 	1301
f 1347 	1469 	1428
f 942 	1430 	1288
f 1607 	1301 	1329
f 977 	1426 	1424
f 1469 	1455 	1428
f 1319 	1334 	1331
f 1321 	2497 	2528
f 1424 	1414 	1417
f 1431 	1288 	1430
f 1337 	1334 	1319
f 1424 	1417 	977
f 1366 	1530 	1536
f 1394 	1337 	1319
f 1292 	1431 	1297
f 1292 	1288 	1431
f 262 	1335 	1426
f 1431 	2442 	1297
f 1942 	1352 	1407
f 1361 	1435 	1441
f 1435 	1454 	1450
f 1482 	1399 	1311
f 1435 	1450 	1441
f 1524 	1455 	1433
f 1342 	1441 	1434
f 1378 	1462 	1440
f 1138 	1349 	1434
f 1340 	1443 	1358
f 1446 	1444 	1445
f 1358 	1443 	1266
f 1443 	1268 	1266
f 1441 	1450 	1434
f 1443 	1340 	1344
f 1450 	1451 	1434
f 1444 	2252 	1445
f 1448 	1418 	1456
f 1446 	1445 	1400
f 1453 	1452 	1358
f 1448 	1456 	1449
f 1516 	1304 	1300
f 1446 	1401 	1690
f 1334 	1337 	1448
f 1317 	1313 	1520
f 1358 	1266 	1453
f 1446 	1400 	1401
f 1332 	1334 	1448
f 1468 	1332 	1448
f 1689 	1454 	1435
f 1403 	1400 	1461
f 1434 	1451 	1148
f 1530 	1366 	1360
f 1440 	1462 	2398
f 1371 	1366 	1536
f 1363 	1496 	1498
f 1456 	1497 	1438
f 1434 	1148 	1144
f 1363 	1498 	1458
f 1374 	1371 	1536
f 1365 	1464 	1381
f 1464 	1462 	1381
f 1450 	1463 	1451
f 1455 	1385 	1208
f 1542 	1388 	1382
f 1542 	1336 	1327
f 1365 	1387 	1464
f 1467 	1332 	1468
f 1455 	1524 	1385
f 1476 	1515 	1466
f 1500 	1387 	1386
f 1469 	1347 	1452
f 1500 	1491 	1387
f 1450 	1454 	1463
f 1470 	1332 	1467
f 1470 	1606 	1332
f 1491 	1464 	1387
f 2777 	1455 	1469
f 1500 	1386 	1474
f 1274 	2542 	1508
f 1475 	1448 	1449
f 1476 	1312 	1477
f 2255 	1403 	1461
f 1474 	1396 	1502
f 1466 	1170 	1476
f 1396 	1478 	1502
f 1448 	1475 	1468
f 1398 	1399 	1478
f 1479 	1192 	1215
f 1386 	1396 	1474
f 1400 	1445 	1461
f 1399 	1482 	1478
f 1270 	1274 	1485
f 1480 	1397 	1393
f 1425 	1486 	1405
f 1485 	1477 	1270
f 1281 	1397 	1480
f 1519 	1478 	1482
f 1477 	1312 	1270
f 1409 	1405 	1486
f 1485 	1511 	1477
f 1373 	1488 	1372
f 1487 	1447 	1484
f 1274 	1508 	1485
f 944 	1372 	1488
f 1409 	1486 	1492
f 1487 	1444 	1447
f 1377 	1490 	1373
f 1376 	1489 	1375
f 1492 	1486 	1483
f 1490 	1008 	1488
f 1491 	2399 	1464
f 1481 	1493 	2017
f 1432 	1008 	1490
f 1547 	1345 	1336
f 2036 	1447 	1444
f 1489 	2474 	1375
f 1376 	1458 	1489
f 1464 	2399 	1462
f 2036 	1484 	1447
f 1379 	1412 	1497
f 1368 	1465 	1496
f 1497 	1412 	1499
f 2036 	1444 	1446
f 1484 	2036 	1493
f 1500 	1474 	2405
f 1438 	1497 	1499
f 1484 	1493 	1481
f 1492 	1436 	1499
f 1389 	2155 	1495
f 2772 	1489 	1498
f 1214 	1479 	1215
f 1412 	1409 	1499
f 1498 	1489 	1458
f 1496 	1363 	1368
f 1547 	2879 	1345
f 1527 	1496 	1465
f 1499 	1409 	1492
f 1527 	2880 	1498
f 1500 	2411 	1491
f 1436 	1438 	1499
f 1500 	2405 	2411
f 1534 	1527 	1465
f 212 	1505 	1507
f 1507 	1505 	1506
f 1509 	1476 	1477
f 1511 	1509 	1477
f 1507 	1506 	1512
f 1507 	1512 	1513
f 1425 	1513 	1512
f 1509 	1515 	1476
f 1300 	1240 	1516
f 1509 	1531 	1515
f 1486 	1425 	1512
f 1466 	1534 	1465
f 1514 	1311 	1297
f 1240 	1471 	1516
f 1466 	1515 	1534
f 1486 	1512 	1483
f 1514 	1482 	1311
f 1511 	1485 	1508
f 1521 	128 	1199
f 1521 	123 	128
f 1482 	2475 	1519
f 1199 	1568 	1521
f 1490 	1488 	1373
f 1478 	2496 	1502
f 1517 	1525 	1523
f 1519 	2496 	1478
f 1524 	1433 	1432
f 1518 	1525 	1517
f 1380 	1524 	1377
f 1524 	1432 	1490
f 1524 	1490 	1377
f 1380 	1385 	1524
f 1498 	1496 	1527
f 1321 	1530 	1360
f 2883 	1527 	1534
f 1522 	1529 	1603
f 1523 	1532 	1529
f 1374 	1536 	1538
f 1523 	1529 	1522
f 1539 	1548 	1559
f 1538 	1382 	1374
f 1537 	2415 	2420
f 1222 	1566 	1535
f 1541 	629 	931
f 1572 	1541 	1923
f 1538 	1542 	1382
f 1544 	1473 	1501
f 1535 	1473 	1544
f 1542 	1327 	1388
f 1541 	931 	1028
f 1222 	1535 	1544
f 1541 	1028 	1923
f 1532 	1523 	1540
f 1526 	1545 	1559
f 1543 	1930 	1645
f 1543 	1943 	1936
f 1537 	1543 	2600
f 1525 	1675 	1523
f 841 	876 	1546
f 2885 	1547 	1336
f 876 	1541 	1546
f 1548 	1526 	1559
f 1577 	1546 	1541
f 1572 	1577 	1541
f 2879 	3096 	1345
f 1675 	1540 	1523
f 1603 	1552 	1522
f 1555 	873 	1546
f 1557 	873 	1555
f 881 	873 	1557
f 1517 	1552 	1558
f 1558 	1518 	1517
f 1640 	1559 	1545
f 1571 	1578 	229
f 1596 	883 	1557
f 1539 	1641 	1561
f 1539 	1559 	1641
f 1562 	543 	1662
f 1535 	1566 	1473
f 1192 	1479 	3062
f 1566 	1622 	1473
f 387 	394 	1564
f 1552 	1554 	1565
f 1545 	1567 	1651
f 892 	1569 	863
f 1651 	1640 	1545
f 892 	1563 	1569
f 1562 	1622 	1566
f 1565 	1558 	1552
f 1562 	1566 	562
f 567 	1562 	562
f 567 	543 	1562
f 1571 	123 	1521
f 123 	1571 	218
f 1562 	1626 	1622
f 1571 	229 	218
f 1562 	1550 	1626
f 2147 	1567 	1553
f 1361 	1359 	1573
f 1568 	1571 	1521
f 1361 	1573 	1676
f 1676 	1435 	1361
f 1321 	2528 	2525
f 1518 	1558 	1575
f 1530 	1321 	2525
f 1923 	3689 	1572
f 1359 	1576 	1573
f 1523 	1552 	1517
f 1577 	1583 	1555
f 1555 	1546 	1577
f 1580 	1576 	1359
f 1574 	1578 	1571
f 1214 	1494 	2898
f 1395 	1580 	1359
f 1552 	1523 	1522
f 1383 	1580 	1395
f 1578 	1574 	1660
f 1581 	349 	223
f 1583 	1557 	1555
f 1580 	1383 	1582
f 1591 	1586 	1587
f 1367 	1582 	1383
f 1581 	223 	1578
f 1577 	3694 	1583
f 1585 	1638 	1639
f 1367 	1610 	1582
f 1367 	1590 	1610
f 1564 	349 	1581
f 1564 	394 	349
f 837 	1589 	1592
f 1557 	1583 	1588
f 1544 	1501 	1590
f 1615 	1501 	1473
f 1594 	1595 	1587
f 2216 	1615 	1473
f 1595 	1599 	1587
f 1557 	1588 	1596
f 1544 	1590 	1227
f 1586 	1594 	1587
f 1594 	1602 	1595
f 1602 	1603 	1595
f 1590 	1367 	1227
f 1602 	1554 	1552
f 1580 	1604 	1576
f 1580 	1582 	1604
f 837 	1605 	849
f 1602 	1552 	1603
f 1605 	853 	849
f 1606 	1607 	1329
f 1586 	1591 	1898
f 1608 	1604 	1582
f 1301 	1607 	1568
f 1606 	1612 	1607
f 1612 	1568 	1607
f 1594 	1556 	1602
f 1608 	1582 	1610
f 1909 	1556 	1594
f 1909 	1911 	1556
f 1585 	1549 	1584
f 1609 	867 	1611
f 1610 	1590 	1615
f 1585 	1639 	1549
f 1613 	1612 	1606
f 1590 	1501 	1615
f 1556 	1560 	1602
f 1611 	786 	794
f 1560 	1554 	1602
f 867 	786 	1611
f 1617 	1568 	1612
f 1603 	1599 	1595
f 1613 	1617 	1612
f 1611 	853 	1605
f 1529 	1587 	1599
f 1618 	1614 	2786
f 1615 	2216 	2212
f 1529 	1816 	1616
f 1619 	1617 	1613
f 1603 	1529 	1599
f 1473 	1622 	2216
f 1616 	1587 	1529
f 1619 	1571 	1617
f 1633 	1592 	1589
f 1633 	1697 	1592
f 2241 	1626 	1550
f 1629 	1627 	1628
f 892 	1652 	1563
f 892 	883 	1652
f 1623 	1600 	1630
f 1563 	1652 	1654
f 1800 	1632 	1668
f 2195 	1622 	1626
f 1600 	1528 	1630
f 1633 	1589 	835
f 1569 	1563 	1654
f 1528 	1598 	1630
f 1635 	1633 	835
f 1637 	1892 	1890
f 1559 	1640 	1641
f 1636 	1637 	1634
f 1633 	1698 	1697
f 1561 	1641 	1643
f 1638 	1645 	1639
f 1592 	1697 	1705
f 1684 	1643 	1641
f 1714 	1628 	1631
f 1705 	1646 	1592
f 1646 	837 	1592
f 1646 	1605 	837
f 1414 	1647 	1417
f 1011 	1642 	1767
f 1414 	1636 	1647
f 1414 	1649 	1636
f 835 	878 	1635
f 1650 	1549 	1639
f 878 	1620 	1635
f 1652 	883 	1596
f 1668 	1632 	408
f 1629 	1628 	1714
f 1421 	1637 	1649
f 1648 	1611 	1605
f 1629 	1625 	1627
f 1605 	1646 	1648
f 1668 	408 	387
f 1636 	1550 	1647
f 1693 	1633 	1635
f 1653 	1678 	1650
f 453 	1804 	1505
f 1678 	1549 	1650
f 1649 	1637 	1636
f 1569 	1657 	912
f 1655 	1620 	1621
f 1653 	1694 	1680
f 1657 	1778 	912
f 1550 	1636 	2241
f 1680 	1678 	1653
f 1571 	1568 	1617
f 1574 	1571 	1619
f 1661 	1631 	1628
f 1543 	1645 	1656
f 1657 	1569 	1654
f 1988 	1634 	1637
f 1621 	1746 	1655
f 1574 	1619 	1624
f 1656 	1659 	1543
f 1751 	1752 	1655
f 1624 	1660 	1574
f 1659 	1656 	1551
f 1644 	1661 	1525
f 1660 	1581 	1578
f 1644 	1631 	1661
f 1624 	1748 	1660
f 1673 	889 	1353
f 584 	1417 	1647
f 1667 	1525 	1661
f 1647 	1550 	1662
f 1673 	894 	889
f 1644 	1525 	1518
f 896 	894 	1682
f 1656 	1645 	1638
f 1647 	1662 	584
f 894 	1681 	1682
f 1638 	1551 	1656
f 1662 	1550 	1562
f 1628 	1658 	1661
f 1638 	1585 	1551
f 1722 	1828 	1721
f 1658 	1422 	1667
f 1422 	1669 	1667
f 1658 	1667 	1661
f 1725 	1609 	1611
f 1687 	1665 	1663
f 1623 	1670 	1618
f 1413 	1677 	1669
f 1670 	1685 	1618
f 1457 	2182 	1459
f 2182 	1460 	1459
f 1623 	1694 	1670
f 1389 	2182 	2155
f 1675 	1525 	1667
f 1671 	1770 	1761
f 1671 	1673 	1674
f 1584 	1549 	1678
f 2297 	1672 	1679
f 894 	1673 	1671
f 1676 	1679 	1672
f 1675 	1677 	1540
f 1681 	1671 	1739
f 1680 	1598 	1678
f 1699 	1570 	1561
f 1671 	1681 	894
f 1598 	1584 	1678
f 1741 	1682 	1739
f 1570 	1699 	3216
f 1679 	1676 	1573
f 1680 	1694 	1630
f 2292 	2295 	1679
f 1576 	1679 	1573
f 1623 	1630 	1694
f 1621 	896 	1682
f 1630 	1598 	1680
f 1640 	1579 	1641
f 1356 	1673 	1353
f 1416 	2177 	2126
f 1685 	1614 	1618
f 1669 	1677 	1667
f 1643 	1684 	3206
f 1685 	2144 	1614
f 1655 	1747 	1751
f 1684 	1641 	1579
f 1688 	1663 	1463
f 1663 	1688 	1687
f 1669 	1422 	1404
f 1404 	1413 	1669
f 1688 	2358 	1687
f 1667 	1677 	1675
f 1763 	1674 	1673
f 1422 	1658 	1690
f 1689 	1688 	1454
f 1688 	1463 	1454
f 1404 	1422 	1690
f 1690 	1401 	1404
f 1681 	1739 	1682
f 1741 	1743 	1682
f 1688 	1689 	1672
f 1676 	1689 	1435
f 1743 	1742 	1682
f 1621 	1682 	1742
f 1670 	2150 	1685
f 1689 	1676 	1672
f 1635 	1620 	1693
f 1692 	1695 	1987
f 1620 	1655 	1693
f 3216 	3282 	1691
f 1670 	1694 	1696
f 2150 	1670 	1696
f 1698 	1700 	1697
f 1658 	1627 	1701
f 1700 	1702 	1697
f 1628 	1627 	1658
f 1703 	1698 	1633
f 1687 	1686 	1665
f 1665 	1686 	2055
f 1702 	1704 	1697
f 1699 	1643 	3206
f 1690 	1658 	1701
f 1704 	1705 	1697
f 1695 	1701 	1990
f 1646 	1705 	1706
f 1561 	1643 	1699
f 1706 	1707 	1646
f 1627 	1625 	1701
f 1707 	1710 	1646
f 1648 	1646 	1710
f 1701 	1625 	1990
f 1710 	1712 	1648
f 1690 	1701 	1695
f 2177 	1416 	541
f 1690 	1695 	1692
f 1648 	1723 	1725
f 1518 	1714 	1644
f 1693 	1655 	1752
f 1714 	1631 	1644
f 1716 	1703 	1693
f 1633 	1693 	1703
f 1716 	1741 	1703
f 1575 	1714 	1518
f 1698 	1703 	1741
f 1700 	1698 	1741
f 1710 	1707 	1741
f 1707 	1706 	1741
f 1706 	1705 	1741
f 1705 	1704 	1741
f 1704 	1702 	1741
f 1702 	1700 	1741
f 1715 	1040 	1708
f 1712 	1723 	1648
f 1717 	1715 	1749
f 1724 	1725 	1723
f 1718 	1758 	1720
f 1727 	1668 	387
f 1717 	826 	1715
f 1727 	1729 	1668
f 1726 	1725 	1728
f 1724 	1728 	1725
f 246 	235 	1711
f 1996 	1625 	1719
f 1709 	1053 	1054
f 1728 	1730 	1726
f 1625 	1629 	1719
f 1731 	1721 	1601
f 1727 	1733 	1729
f 1726 	1734 	1777
f 1730 	1734 	1726
f 1777 	1609 	1726
f 1609 	1725 	1726
f 1728 	1759 	1730
f 1709 	1736 	1708
f 1601 	1734 	1731
f 1759 	1761 	1734
f 1734 	1730 	1759
f 1722 	1721 	1768
f 1733 	1727 	1737
f 1611 	1648 	1725
f 1727 	1564 	1737
f 1761 	1770 	1734
f 1712 	1710 	1759
f 1723 	1712 	1759
f 1727 	387 	1564
f 1671 	1759 	1739
f 1738 	1010 	839
f 1660 	1748 	1737
f 1737 	1581 	1660
f 1737 	1564 	1581
f 1741 	1742 	1743
f 1621 	1742 	1745
f 1655 	1746 	1747
f 1746 	1741 	1747
f 1621 	1745 	1746
f 1753 	208 	159
f 1231 	1750 	1207
f 1754 	1693 	1752
f 1755 	1753 	159
f 1864 	1849 	1735
f 1754 	1756 	1693
f 1210 	1750 	1788
f 1755 	1786 	1753
f 1756 	1716 	1693
f 1823 	1713 	1717
f 1606 	1470 	1593
f 1593 	1597 	1606
f 1210 	1207 	1750
f 1754 	1741 	1756
f 1752 	1741 	1754
f 1716 	1756 	1741
f 1751 	1741 	1752
f 1747 	1741 	1751
f 1745 	1741 	1746
f 1742 	1741 	1745
f 1597 	1613 	1606
f 1755 	1758 	1718
f 1759 	1671 	1761
f 1755 	239 	1758
f 1234 	1760 	1231
f 1762 	1764 	1763
f 159 	239 	1755
f 1883 	1884 	1871
f 1760 	1750 	1231
f 401 	208 	1766
f 1765 	1767 	1666
f 1764 	1768 	1674
f 1766 	1783 	401
f 1872 	1874 	1883
f 1769 	1624 	1619
f 1863 	1861 	1736
f 1763 	1764 	1674
f 1753 	1766 	208
f 1054 	1736 	1709
f 1666 	1767 	1642
f 1674 	1768 	1671
f 1770 	1671 	1768
f 1624 	1769 	1784
f 1234 	1952 	1953
f 250 	1758 	231
f 1748 	1624 	1784
f 239 	231 	1758
f 1739 	1710 	1741
f 1764 	1762 	1875
f 1759 	1710 	1739
f 1871 	1872 	1883
f 1952 	1234 	1252
f 1195 	1205 	1771
f 1205 	1211 	1771
f 839 	1773 	1738
f 1773 	1823 	1821
f 1711 	1732 	246
f 1182 	1775 	1771
f 1773 	1713 	1823
f 1767 	1765 	1772
f 1732 	250 	246
f 1773 	839 	1713
f 1732 	1720 	250
f 1182 	1184 	1775
f 1772 	1122 	1011
f 1720 	1758 	250
f 1736 	1861 	1708
f 1778 	1666 	912
f 1775 	1184 	1777
f 1184 	824 	1777
f 401 	1783 	398
f 398 	1783 	1780
f 824 	867 	1777
f 867 	1609 	1777
f 1757 	1540 	1781
f 1777 	1734 	1601
f 1782 	1748 	1784
f 1327 	1336 	1785
f 1718 	1786 	1755
f 1718 	1824 	1786
f 1336 	1787 	1785
f 1540 	1677 	1781
f 1336 	1345 	1787
f 1781 	1677 	1744
f 1345 	1346 	1820
f 1862 	1753 	1786
f 2982 	1769 	1619
f 1757 	1781 	1735
f 1820 	1787 	1345
f 1771 	1820 	1346
f 1789 	1210 	1788
f 1828 	1820 	1771
f 1781 	1744 	1735
f 1760 	1878 	1750
f 1771 	1775 	1828
f 1788 	1750 	1878
f 1733 	1782 	1776
f 1371 	1795 	1366
f 1733 	1748 	1782
f 1733 	1737 	1748
f 1795 	1843 	1841
f 1789 	1798 	1289
f 1795 	1841 	1366
f 211 	210 	1792
f 235 	211 	1792
f 1371 	1374 	1795
f 1799 	1632 	1800
f 1801 	1854 	1795
f 1219 	1789 	1289
f 235 	1792 	1802
f 453 	1811 	1804
f 1801 	1795 	1374
f 1804 	1506 	1505
f 1808 	1793 	1792
f 1814 	1803 	1796
f 1289 	1807 	1295
f 1616 	1816 	1796
f 1729 	1776 	1774
f 1796 	1816 	1814
f 1806 	1801 	1382
f 1803 	1735 	1805
f 1807 	1289 	1798
f 1809 	1506 	1804
f 1757 	1735 	1803
f 257 	264 	1792
f 1793 	1802 	1792
f 1807 	1810 	1295
f 1809 	1804 	1811
f 1587 	1616 	1796
f 1787 	1813 	1785
f 1314 	1810 	1935
f 1813 	1787 	1817
f 1868 	1865 	1817
f 1791 	1805 	1735
f 1818 	266 	1812
f 419 	1632 	1799
f 1817 	1787 	1820
f 1818 	1808 	266
f 1799 	424 	419
f 1666 	1642 	912
f 1799 	1822 	424
f 266 	1808 	1792
f 1822 	457 	424
f 1772 	1011 	1767
f 266 	1792 	264
f 1811 	457 	1822
f 1819 	1822 	1799
f 1825 	1824 	1718
f 1826 	1666 	1778
f 1757 	1803 	1814
f 1819 	1809 	1822
f 1715 	1881 	1749
f 1814 	1816 	1757
f 1809 	1811 	1822
f 1548 	1827 	1526
f 1800 	1668 	1729
f 1823 	1717 	1749
f 1800 	1729 	1774
f 1664 	1666 	1826
f 1729 	1733 	1776
f 1722 	1876 	1828
f 1601 	1721 	1828
f 1829 	1548 	1539
f 1777 	1828 	1775
f 1539 	1825 	1829
f 1777 	1601 	1828
f 1830 	1791 	1965
f 1825 	1720 	1829
f 1825 	1718 	1720
f 1778 	2264 	1826
f 1587 	1796 	1830
f 1801 	1806 	1854
f 1830 	1591 	1587
f 1863 	1054 	1463
f 1779 	1010 	1738
f 1657 	2185 	2485
f 2445 	2185 	1657
f 1862 	1833 	1831
f 1356 	1835 	1834
f 1657 	1654 	2445
f 1834 	1763 	1673
f 991 	1837 	1836
f 992 	1837 	991
f 1360 	1835 	1356
f 1882 	1834 	1839
f 1834 	1835 	1839
f 1830 	1803 	1805
f 993 	1838 	1015
f 1796 	1803 	1830
f 1779 	1837 	992
f 1830 	1805 	1791
f 1720 	1732 	1829
f 1773 	1844 	1738
f 1827 	1829 	1732
f 1821 	1844 	1773
f 1839 	1841 	1843
f 1816 	1532 	1540
f 1732 	1711 	1827
f 1882 	1839 	1843
f 1914 	1916 	1843
f 1816 	1540 	1757
f 1366 	1841 	1360
f 1816 	1529 	1532
f 1839 	1835 	1841
f 1827 	1548 	1829
f 1841 	1835 	1360
f 1849 	2296 	1794
f 1798 	1845 	1842
f 1853 	1408 	1403
f 1798 	1789 	1852
f 1838 	993 	1836
f 1403 	1855 	1853
f 1845 	1798 	1852
f 1780 	1851 	1848
f 1888 	1854 	1806
f 1806 	1813 	1888
f 1857 	1844 	1931
f 1854 	1888 	1899
f 2013 	1845 	1852
f 1837 	1779 	1857
f 1779 	1738 	1857
f 1783 	1860 	1780
f 1795 	1854 	1903
f 1738 	1844 	1857
f 1856 	1859 	1847
f 1860 	1851 	1780
f 993 	991 	1836
f 1834 	1673 	1356
f 1861 	1863 	1907
f 1735 	1744 	1864
f 1813 	1817 	1865
f 1869 	1820 	1828
f 1853 	1404 	1400
f 1869 	1817 	1820
f 1797 	1894 	1867
f 1817 	1869 	1871
f 1817 	1871 	1868
f 1869 	1872 	1871
f 1797 	1867 	979
f 1663 	1863 	1463
f 1870 	1413 	1744
f 1859 	1856 	2864
f 1828 	1873 	1869
f 1663 	1665 	1863
f 1807 	1842 	1942
f 1869 	1874 	1872
f 1665 	1907 	1863
f 1744 	1677 	1870
f 1869 	1873 	1874
f 980 	979 	1867
f 2864 	1850 	1859
f 1873 	1875 	1874
f 1876 	1877 	1873
f 1413 	1870 	1677
f 1873 	1828 	1876
f 1951 	1790 	852
f 1877 	1875 	1873
f 1744 	1413 	1880
f 1821 	1823 	1879
f 2021 	1788 	1878
f 1790 	2674 	852
f 1823 	1749 	1879
f 1853 	1880 	1413
f 1724 	1723 	1759
f 1875 	1877 	1764
f 1877 	1876 	1764
f 1768 	1764 	1876
f 1876 	1722 	1768
f 1724 	1759 	1728
f 1721 	1731 	1768
f 1770 	1768 	1731
f 1731 	1734 	1770
f 1749 	1881 	1879
f 1744 	1880 	1853
f 1883 	1762 	1763
f 1413 	1404 	1853
f 1884 	1883 	1882
f 1884 	1921 	1871
f 1921 	1916 	1871
f 1864 	1744 	1853
f 1853 	1400 	1408
f 1861 	1881 	1715
f 1882 	1883 	1763
f 1861 	1866 	1881
f 1885 	2040 	1878
f 1853 	1858 	1864
f 1867 	861 	860
f 1715 	1708 	1861
f 1882 	1763 	1834
f 1849 	1791 	1735
f 1867 	860 	980
f 1794 	1791 	1849
f 1864 	1858 	1849
f 1813 	1865 	1891
f 1960 	852 	1929
f 1892 	1836 	1890
f 1893 	1888 	1891
f 1891 	1888 	1813
f 1836 	1837 	1890
f 1887 	1832 	1889
f 1893 	1896 	1888
f 1896 	1897 	1888
f 1895 	1591 	1830
f 1899 	1900 	1854
f 1840 	1901 	2720
f 1898 	1594 	1586
f 1892 	1838 	1836
f 1899 	1888 	1897
f 1892 	1421 	1838
f 1978 	1837 	1857
f 2722 	1902 	1889
f 1854 	1900 	1903
f 1904 	1903 	1900
f 1889 	1832 	2722
f 1900 	1899 	1904
f 1895 	1905 	1898
f 1904 	1908 	1903
f 1591 	1895 	1898
f 1846 	1901 	1840
f 1905 	1909 	1898
f 1861 	1934 	1866
f 1843 	1795 	1903
f 1910 	1903 	1908
f 1915 	1866 	2023
f 1915 	1881 	1866
f 1843 	1913 	1914
f 1889 	1902 	3377
f 1861 	1907 	1934
f 1903 	1913 	1843
f 1910 	1913 	1903
f 1028 	1918 	1923
f 1906 	1028 	2097
f 1028 	1031 	2097
f 1882 	1843 	1916
f 1594 	1898 	1909
f 1891 	1913 	1893
f 1910 	1893 	1913
f 1914 	1913 	1865
f 1887 	1917 	1886
f 1028 	1906 	1918
f 1916 	1921 	1882
f 1921 	1884 	1882
f 1887 	3374 	1917
f 1874 	1875 	1762
f 1762 	1883 	1874
f 1868 	1871 	1916
f 1865 	1868 	1916
f 1916 	1914 	1865
f 1904 	1893 	1908
f 1899 	1897 	1904
f 1896 	1904 	1897
f 1893 	1904 	1896
f 1908 	1893 	1910
f 1865 	1913 	1891
f 3374 	1887 	1889
f 1925 	1844 	1821
f 1929 	1919 	1922
f 1886 	3381 	2882
f 1862 	1786 	1833
f 1558 	1565 	1926
f 1929 	1867 	1894
f 2087 	1860 	1783
f 1917 	3381 	1886
f 1922 	1912 	1948
f 1920 	1925 	1821
f 1937 	1926 	1565
f 1885 	1878 	1760
f 1901 	1927 	1902
f 1922 	1948 	1960
f 1920 	1879 	1915
f 1821 	1879 	1920
f 1929 	861 	1867
f 1927 	3377 	1902
f 1879 	1881 	1915
f 1959 	1645 	1930
f 1807 	1798 	1842
f 1978 	1857 	1931
f 1894 	1919 	1929
f 1931 	2008 	1978
f 3339 	1927 	1901
f 1931 	1844 	1925
f 1922 	1960 	1929
f 1929 	852 	861
f 1639 	1959 	1932
f 1933 	1905 	1895
f 2023 	1866 	1934
f 1937 	1560 	1556
f 1930 	1543 	1936
f 1937 	1554 	1560
f 1940 	1920 	1915
f 1943 	1543 	1537
f 1937 	1556 	1911
f 1942 	1842 	1352
f 1937 	1565 	1554
f 1942 	1810 	1807
f 1936 	1943 	2074
f 1942 	1935 	1810
f 1862 	1766 	1753
f 1862 	1783 	1766
f 1551 	1945 	1938
f 1933 	2217 	1905
f 1862 	1831 	1783
f 1831 	2087 	1783
f 1314 	1935 	1997
f 1937 	1911 	2223
f 1786 	1824 	1833
f 1711 	235 	1949
f 1950 	1885 	1760
f 2215 	1947 	1946
f 235 	1802 	1949
f 2215 	2208 	1947
f 1949 	1545 	1526
f 1950 	1760 	1234
f 1827 	1949 	1526
f 1827 	1711 	1949
f 1629 	1714 	1504
f 1793 	1954 	1802
f 1954 	1949 	1802
f 1951 	1585 	1584
f 1629 	1504 	1719
f 1954 	1567 	1949
f 1234 	1953 	1950
f 1567 	1545 	1949
f 1952 	1955 	1953
f 1946 	1959 	1957
f 1958 	1955 	1952
f 852 	1585 	1951
f 1982 	3711 	1906
f 1945 	1948 	1938
f 1962 	1961 	1969
f 1930 	1957 	1959
f 1963 	1533 	1553
f 1960 	1948 	1945
f 1963 	1793 	1808
f 2098 	1932 	1964
f 1963 	1553 	1954
f 1965 	1791 	1962
f 1553 	1567 	1954
f 1830 	1967 	1895
f 1966 	1958 	2640
f 2101 	2098 	1964
f 1963 	1954 	1793
f 1956 	1818 	1812
f 1830 	1965 	1967
f 1976 	1932 	1959
f 1965 	1962 	1969
f 1971 	1925 	1920
f 1947 	1959 	1946
f 1969 	1972 	1965
f 1940 	1971 	1920
f 1974 	1967 	1965
f 1940 	2060 	1971
f 1933 	1967 	1974
f 1972 	1974 	1965
f 1959 	1947 	1976
f 1933 	1895 	1967
f 1970 	1939 	1938
f 1912 	1968 	1970
f 1970 	1938 	1948
f 1971 	2060 	2010
f 1983 	1324 	1325
f 1985 	1983 	1325
f 1981 	1939 	1970
f 1837 	1988 	1890
f 1985 	1975 	1983
f 1988 	2262 	1634
f 1981 	2462 	1939
f 1818 	1963 	1808
f 1906 	2097 	1982
f 1989 	1987 	1695
f 2258 	1963 	1956
f 1986 	1964 	1979
f 1968 	1981 	1970
f 1990 	1989 	1695
f 1964 	1932 	1979
f 1818 	1956 	1963
f 1990 	1992 	1989
f 1932 	1976 	1979
f 1983 	2601 	1324
f 2601 	1983 	1975
f 1989 	1995 	1993
f 1992 	1995 	1989
f 1990 	1996 	1992
f 1314 	1997 	1326
f 2000 	1848 	1998
f 1625 	1996 	1990
f 2003 	1998 	1848
f 2024 	2015 	1924
f 2000 	1998 	1994
f 1996 	2005 	1992
f 2000 	395 	1848
f 2005 	1995 	1992
f 2024 	1924 	2002
f 1988 	1637 	1890
f 1446 	1690 	1692
f 2008 	1931 	2009
f 1987 	1446 	1692
f 2038 	1944 	2007
f 2036 	1446 	1987
f 1931 	1925 	2009
f 2012 	2007 	1941
f 1925 	1971 	2009
f 1971 	2010 	2009
f 1993 	2011 	1989
f 2012 	2022 	2007
f 2024 	2002 	2001
f 2011 	1987 	1989
f 2016 	2017 	2018
f 1978 	1988 	1837
f 2016 	2019 	2017
f 2019 	1481 	2017
f 1789 	1788 	2013
f 1988 	1978 	2008
f 2023 	1940 	1915
f 2022 	2012 	2165
f 2018 	2017 	2011
f 1848 	1851 	2003
f 2093 	2094 	2022
f 1981 	2530 	2462
f 2018 	2026 	2016
f 2028 	2029 	2030
f 2665 	2019 	2016
f 2025 	2540 	2535
f 2029 	2031 	2030
f 2006 	2014 	2025
f 2028 	2033 	2029
f 1993 	2018 	2011
f 1852 	1789 	2013
f 2000 	1994 	2033
f 1944 	2038 	2054
f 2036 	1987 	2011
f 2021 	2040 	1437
f 2011 	2017 	2036
f 2034 	2032 	2048
f 2040 	1439 	1437
f 2033 	2028 	2000
f 1878 	2040 	2021
f 2017 	1493 	2036
f 2021 	2013 	1788
f 2037 	2038 	2007
f 2220 	1942 	1407
f 2028 	2030 	450
f 450 	447 	2028
f 2054 	2045 	1467
f 1995 	2018 	1993
f 2074 	1928 	2043
f 2045 	1470 	1467
f 2028 	388 	2000
f 388 	2028 	447
f 2032 	2034 	2234
f 2054 	2044 	2045
f 2043 	2032 	2234
f 388 	395 	2000
f 2044 	2041 	2045
f 1928 	1924 	2032
f 398 	2049 	395
f 2045 	1593 	1470
f 2049 	1848 	395
f 1593 	2045 	2963
f 2039 	2048 	2032
f 2153 	2005 	1996
f 398 	1780 	2049
f 2049 	1780 	1848
f 2041 	2044 	2042
f 2035 	2524 	2047
f 2037 	2052 	2038
f 1665 	2055 	1907
f 1468 	2054 	1467
f 2055 	1934 	1907
f 2055 	2057 	1934
f 2057 	2023 	1934
f 2086 	2056 	2058
f 1468 	1475 	2054
f 2064 	2039 	2032
f 2057 	2059 	2023
f 1924 	2015 	2032
f 2052 	2054 	2038
f 1719 	1504 	2051
f 2059 	1940 	2023
f 1575 	2124 	1714
f 2042 	2044 	2076
f 2060 	1940 	2059
f 2052 	2044 	2054
f 2527 	2078 	2047
f 2009 	2010 	3310
f 2124 	2051 	1504
f 1558 	2124 	1575
f 2009 	3310 	2008
f 1504 	1714 	2124
f 2010 	3312 	3310
f 2124 	1558 	1926
f 2065 	2124 	1926
f 1926 	1937 	2065
f 2025 	1991 	2006
f 2124 	2091 	2051
f 2039 	2064 	4046
f 2066 	2067 	1664
f 2067 	2326 	1664
f 2064 	2032 	2015
f 2043 	1928 	2032
f 1902 	2722 	2071
f 2069 	2106 	2065
f 1937 	2069 	2065
f 3010 	2042 	2070
f 2075 	2214 	2081
f 2357 	454 	2053
f 2062 	2077 	2076
f 1957 	1936 	2074
f 2075 	2078 	2020
f 2053 	2031 	2357
f 2326 	1666 	1664
f 423 	450 	2030
f 2075 	2081 	2078
f 2074 	1946 	1957
f 2030 	2053 	423
f 2053 	2030 	2031
f 2720 	2070 	2076
f 2066 	1999 	2072
f 2247 	2083 	2082
f 2224 	2004 	2228
f 2081 	2047 	2078
f 2070 	2042 	2076
f 2046 	2228 	2004
f 2181 	2080 	2243
f 1825 	2079 	1824
f 2050 	2360 	2046
f 1825 	1539 	2079
f 1912 	1970 	1948
f 1539 	1561 	2079
f 2184 	2187 	2080
f 2090 	2733 	2084
f 2050 	2056 	2360
f 2084 	2711 	2063
f 2086 	2360 	2056
f 2090 	2084 	2063
f 1930 	1936 	1957
f 2074 	1943 	1928
f 2058 	2089 	2086
f 2007 	2022 	2090
f 2087 	1831 	2105
f 2089 	2058 	1973
f 1833 	1824 	2085
f 2082 	2133 	2073
f 1824 	2079 	2085
f 2082 	2073 	2212
f 2022 	2094 	2090
f 2079 	1570 	2085
f 1561 	1570 	2079
f 1982 	2097 	1973
f 1639 	1932 	2098
f 2093 	2113 	2119
f 2094 	2093 	2119
f 2108 	1442 	1439
f 1653 	2101 	2095
f 2099 	2125 	2104
f 2083 	2103 	2092
f 2149 	2037 	2090
f 1950 	1953 	2102
f 2105 	1831 	2107
f 2037 	2007 	2090
f 2085 	2107 	1833
f 2710 	2109 	2096
f 1959 	1639 	1645
f 1833 	2107 	1831
f 2102 	2108 	1885
f 2109 	2589 	2096
f 2104 	2111 	2138
f 2113 	2100 	2119
f 2194 	2108 	2102
f 2102 	1885 	1950
f 2087 	2105 	2111
f 1439 	2040 	2108
f 2100 	2113 	2115
f 2105 	2138 	2111
f 1885 	2108 	2040
f 2087 	2125 	1860
f 1351 	2112 	404
f 2095 	2139 	1696
f 2107 	2085 	1570
f 2112 	2140 	1384
f 1570 	3216 	2107
f 2112 	1384 	404
f 1391 	2091 	2127
f 2095 	1696 	1694
f 1391 	2127 	2132
f 2132 	2106 	2117
f 2106 	2069 	2117
f 2069 	2110 	2117
f 1650 	2098 	2101
f 2117 	1282 	1391
f 2110 	2112 	2117
f 2206 	1457 	1510
f 1650 	1639 	2098
f 2117 	1351 	1282
f 2206 	1510 	2204
f 1391 	2132 	2117
f 1650 	2101 	1653
f 2119 	2733 	2090
f 2117 	2112 	1351
f 1653 	2095 	1694
f 2118 	2099 	2131
f 2120 	2121 	1894
f 1998 	2116 	1994
f 2122 	2118 	2116
f 2094 	2119 	2090
f 2118 	2122 	2099
f 2003 	2122 	1998
f 2121 	1919 	1894
f 2122 	2116 	1998
f 2099 	2122 	2125
f 2124 	2127 	2091
f 1851 	2125 	2003
f 2124 	2065 	2127
f 2125 	2111 	2104
f 2065 	2132 	2127
f 2125 	2122 	2003
f 2100 	2128 	2129
f 2065 	2106 	2132
f 1851 	1860 	2125
f 2087 	2111 	2125
f 2735 	2119 	2129
f 2129 	2808 	2735
f 2100 	2115 	2128
f 2073 	2133 	2151
f 2151 	2068 	2073
f 2104 	2131 	2099
f 2133 	2082 	2137
f 2138 	2105 	2141
f 2140 	2112 	2110
f 2082 	2083 	2137
f 2128 	2115 	2134
f 2133 	2137 	2715
f 2105 	2107 	2141
f 2138 	2141 	3212
f 2140 	4229 	1384
f 2138 	2131 	2104
f 2137 	2083 	2092
f 2107 	1691 	2141
f 2100 	2129 	2119
f 1691 	3212 	2141
f 2143 	1719 	2051
f 2143 	1996 	1719
f 2142 	2281 	2257
f 1685 	2150 	2144
f 3216 	1691 	2107
f 1553 	1533 	2147
f 2144 	2130 	1683
f 2147 	2188 	1567
f 2130 	2123 	1683
f 2144 	2187 	2130
f 2149 	2052 	2037
f 2026 	2018 	2148
f 2018 	1995 	2148
f 2062 	2149 	2063
f 2151 	2146 	2068
f 2005 	2148 	1995
f 2150 	2190 	2144
f 2190 	2187 	2144
f 2158 	2153 	2143
f 2149 	2090 	2063
f 2062 	2076 	2149
f 2133 	2152 	2151
f 1696 	2136 	2150
f 2143 	2153 	1996
f 2076 	2052 	2149
f 2044 	2052 	2076
f 2153 	2148 	2005
f 2152 	2133 	2715
f 2139 	2136 	1696
f 1495 	2155 	2167
f 2157 	2227 	1980
f 215 	1815 	2281
f 2152 	2715 	2714
f 2158 	2148 	2153
f 1503 	1495 	2171
f 125 	218 	2158
f 2139 	2095 	2160
f 215 	2281 	2142
f 2158 	127 	125
f 2095 	2162 	2160
f 217 	2142 	2135
f 2160 	2162 	1984
f 2166 	127 	2158
f 2162 	1986 	1984
f 2161 	2717 	2159
f 2162 	1964 	1986
f 2159 	2164 	2161
f 2012 	2163 	2165
f 1964 	2162 	2101
f 2162 	2095 	2101
f 2166 	2169 	2156
f 2143 	2051 	2166
f 108 	2166 	2156
f 1503 	2171 	2172
f 2166 	2051 	2169
f 2143 	2166 	2158
f 108 	127 	2166
f 2158 	2699 	2148
f 2170 	2169 	2051
f 1495 	2167 	2171
f 1306 	2169 	2170
f 2147 	1533 	2168
f 2051 	2091 	2170
f 2097 	1113 	1277
f 2147 	2168 	2192
f 2170 	1364 	1306
f 2091 	1364 	2170
f 2168 	2211 	2192
f 2156 	2169 	1294
f 2171 	2828 	2172
f 1640 	3221 	1579
f 2161 	2145 	2146
f 2177 	1503 	2172
f 2178 	2145 	2161
f 541 	1503 	2177
f 2161 	2151 	2152
f 2172 	2828 	2177
f 2176 	1969 	1961
f 2161 	2146 	2151
f 2164 	2178 	2161
f 2180 	1969 	2176
f 1968 	1912 	3755
f 2180 	1972 	1969
f 2164 	2183 	2178
f 2227 	2157 	2160
f 493 	3766 	1991
f 2139 	2160 	2157
f 2157 	2136 	2139
f 2161 	2152 	2717
f 2126 	2177 	2859
f 1981 	1968 	493
f 2192 	2199 	2179
f 1981 	493 	1991
f 2130 	2184 	2123
f 1640 	1651 	3221
f 2123 	2184 	2181
f 2184 	2080 	2181
f 2182 	1389 	1460
f 2178 	2183 	2186
f 2130 	2187 	2184
f 2190 	2193 	2187
f 2155 	2182 	2154
f 2188 	2192 	2179
f 2193 	2080 	2187
f 2194 	2204 	1510
f 2150 	2136 	2190
f 1980 	2136 	2157
f 2108 	2194 	1442
f 2188 	2179 	3225
f 2136 	1980 	2190
f 2193 	2190 	1980
f 2206 	2182 	1457
f 1626 	2241 	2244
f 1947 	2198 	1976
f 2114 	2194 	2102
f 2199 	2197 	2179
f 2199 	2203 	2197
f 2198 	2208 	2200
f 2182 	2206 	3024
f 1679 	1576 	2202
f 2114 	2201 	2204
f 2203 	2205 	2197
f 1576 	1604 	2202
f 2163 	3689 	2165
f 2202 	1604 	1608
f 2201 	3024 	2206
f 2068 	2146 	2202
f 2068 	2202 	1608
f 2201 	2206 	2204
f 2165 	3689 	2209
f 2210 	1608 	1610
f 2207 	2384 	2222
f 2203 	2211 	2168
f 2204 	2194 	2114
f 2165 	2209 	2022
f 2068 	1608 	2210
f 2199 	2211 	2203
f 2210 	2073 	2068
f 2209 	2093 	2022
f 2199 	2192 	2211
f 2213 	1946 	2074
f 1615 	2212 	2210
f 2210 	1610 	1615
f 2215 	1946 	2213
f 2073 	2210 	2212
f 2113 	2093 	2209
f 2188 	2175 	1567
f 1972 	2180 	1974
f 1947 	2208 	2198
f 1651 	1567 	2175
f 2229 	2180 	2176
f 2147 	2192 	2188
f 2180 	1933 	1974
f 4030 	2215 	2213
f 2217 	1933 	2180
f 2205 	2218 	2197
f 2200 	1979 	2198
f 2200 	2207 	1979
f 2066 	2173 	2067
f 1979 	1976 	2198
f 2220 	1407 	2233
f 2173 	2066 	2232
f 2222 	1984 	1986
f 1911 	1909 	2223
f 2072 	2232 	2066
f 1986 	2207 	2222
f 1909 	1905 	2223
f 2232 	2072 	2224
f 2069 	2223 	2110
f 2220 	1935 	1942
f 1986 	1979 	2207
f 1999 	2224 	2072
f 1905 	2217 	2223
f 2004 	2224 	1999
f 2223 	2217 	2140
f 2223 	2140 	2110
f 2270 	2225 	2219
f 2069 	1937 	2223
f 1980 	2414 	2372
f 139 	145 	2229
f 2229 	140 	139
f 2228 	2046 	2360
f 1984 	2222 	2226
f 1984 	2226 	2227
f 2227 	2160 	1984
f 612 	2361 	2239
f 2228 	2385 	2224
f 2034 	4016 	2234
f 4229 	2180 	2229
f 2229 	145 	4229
f 310 	2196 	2373
f 2277 	2233 	2225
f 1935 	2236 	3590
f 2230 	612 	2239
f 4016 	2034 	4018
f 2230 	609 	612
f 2216 	2247 	2212
f 2048 	2235 	2034
f 4229 	2217 	2180
f 2061 	2235 	2048
f 310 	2373 	2191
f 948 	1797 	979
f 151 	2653 	148
f 1622 	2195 	2216
f 2793 	2871 	2235
f 995 	2238 	989
f 2234 	2074 	2043
f 151 	158 	2655
f 2298 	2046 	2004
f 2247 	2216 	2195
f 2213 	2074 	2234
f 2238 	1815 	948
f 2237 	2239 	2361
f 2655 	158 	2174
f 1815 	1797 	948
f 2195 	1626 	2244
f 158 	2229 	2176
f 2176 	2174 	158
f 266 	2230 	1812
f 2230 	2231 	1812
f 995 	2242 	2238
f 2231 	1956 	1812
f 2241 	2259 	2244
f 2274 	2244 	2283
f 2255 	1855 	1403
f 2230 	266 	263
f 2244 	2259 	2260
f 2248 	2422 	2240
f 1797 	2120 	1894
f 2243 	2080 	2240
f 2195 	2249 	2247
f 2251 	2246 	2250
f 2249 	2195 	2244
f 1935 	2220 	2236
f 2250 	1445 	2252
f 2236 	2233 	2277
f 2250 	2252 	2251
f 1664 	2254 	2303
f 2236 	2220 	2233
f 2250 	2255 	1445
f 2082 	2212 	2247
f 2276 	2135 	2142
f 1956 	2253 	2256
f 2142 	2257 	2276
f 2255 	1461 	1445
f 2274 	2249 	2244
f 1325 	1997 	2341
f 2258 	1956 	2256
f 2259 	1636 	1634
f 1935 	3590 	1997
f 2262 	2260 	2259
f 1416 	2126 	2263
f 2258 	1533 	1963
f 1652 	1596 	2261
f 2262 	2259 	1634
f 3717 	2120 	1797
f 2261 	1654 	1652
f 2324 	2253 	1956
f 2280 	2246 	2251
f 2262 	1988 	2338
f 2257 	2238 	2242
f 2241 	1636 	2259
f 2252 	1487 	2251
f 1826 	2264 	2254
f 2262 	2338 	2260
f 2254 	1664 	1826
f 2231 	2230 	2266
f 2230 	2239 	2266
f 1988 	2268 	2338
f 2263 	1740 	2267
f 2265 	1484 	1481
f 2267 	1740 	2270
f 2265 	2272 	2273
f 2270 	2219 	2267
f 2103 	2274 	2275
f 2276 	2269 	2135
f 2027 	1596 	1588
f 2271 	2266 	2239
f 2265 	2273 	1484
f 2283 	2244 	2260
f 2283 	2275 	2274
f 2270 	2277 	2225
f 2273 	1487 	1484
f 2273 	2279 	2280
f 2287 	2269 	2276
f 2249 	2274 	2103
f 2278 	2031 	2029
f 2276 	2257 	2242
f 2251 	2273 	2280
f 2257 	2281 	2238
f 2249 	2083 	2247
f 1815 	2238 	2281
f 2284 	2058 	2056
f 2267 	2219 	2263
f 2341 	1997 	3590
f 2283 	2260 	2286
f 2284 	1973 	2058
f 2280 	2279 	2473
f 2114 	1953 	1955
f 1973 	2288 	1982
f 2286 	2275 	2283
f 2252 	1444 	1487
f 998 	2287 	972
f 2114 	2102 	1953
f 2287 	2276 	2242
f 2288 	3711 	1982
f 2289 	2201 	2114
f 1487 	2273 	2251
f 2260 	2386 	2286
f 1994 	2116 	2278
f 2287 	2242 	995
f 3043 	2201 	2289
f 2033 	1994 	2278
f 2287 	995 	972
f 2029 	2033 	2278
f 3141 	2275 	2286
f 2289 	2114 	1955
f 998 	1006 	2291
f 2103 	2083 	2249
f 2290 	1791 	1794
f 2146 	2145 	2202
f 2296 	2290 	1794
f 1955 	1958 	2289
f 2291 	2287 	998
f 2289 	1958 	1966
f 2292 	2202 	2145
f 2292 	1679 	2202
f 1973 	2245 	2288
f 2310 	2289 	1966
f 1008 	2293 	1006
f 2297 	1679 	2295
f 2294 	2237 	2347
f 2408 	2297 	2295
f 2299 	2296 	1849
f 2299 	2302 	2296
f 2300 	1008 	1432
f 2004 	2308 	2298
f 2239 	2237 	2271
f 1853 	1855 	2299
f 2300 	2293 	1008
f 2408 	2305 	2297
f 1672 	2297 	2305
f 1858 	1853 	2299
f 2317 	2304 	2294
f 2304 	2237 	2294
f 2307 	1672 	2305
f 2271 	2304 	2331
f 2308 	2004 	1999
f 2304 	2271 	2237
f 2269 	2287 	2291
f 2309 	2302 	2299
f 2266 	2271 	2324
f 2057 	2312 	2059
f 2645 	2310 	1966
f 2278 	2311 	2282
f 2298 	2050 	2046
f 2313 	2312 	2057
f 1858 	2299 	1849
f 2355 	2312 	2313
f 2313 	1686 	2355
f 2290 	2296 	2302
f 2314 	2290 	2302
f 2311 	2285 	2282
f 2762 	3066 	2310
f 2356 	1686 	1687
f 2293 	2315 	1006
f 1687 	2358 	2356
f 2314 	2316 	2290
f 2318 	222 	217
f 2318 	217 	2135
f 1961 	1962 	2320
f 2311 	2278 	2319
f 2135 	2269 	2318
f 2318 	2291 	2315
f 1961 	2320 	2321
f 2320 	1791 	2290
f 2318 	2269 	2291
f 2315 	2291 	1006
f 2320 	1962 	1791
f 1688 	1672 	2307
f 2382 	2315 	2322
f 2351 	1977 	1975
f 2278 	2116 	2319
f 2351 	2353 	1977
f 2303 	2254 	2394
f 2293 	2300 	2322
f 2730 	1977 	2353
f 2323 	2320 	2290
f 2323 	2325 	2320
f 2066 	1664 	2303
f 2322 	2315 	2293
f 2323 	2290 	2316
f 2326 	2173 	2409
f 2324 	2231 	2266
f 2173 	2432 	2409
f 2769 	2322 	2300
f 2324 	1956 	2231
f 2285 	2317 	2294
f 2328 	2321 	2325
f 2321 	2320 	2325
f 2317 	2421 	2304
f 2057 	2055 	2313
f 2304 	2421 	2331
f 2173 	2326 	2067
f 2055 	1686 	2313
f 2432 	2173 	2232
f 2329 	2088 	2322
f 2322 	2769 	2329
f 2176 	1961 	2321
f 2335 	2336 	2302
f 2014 	2006 	3743
f 2326 	2334 	2352
f 2014 	3743 	2020
f 2326 	2327 	2334
f 2331 	2324 	2271
f 2075 	2020 	3743
f 2214 	3746 	2047
f 2333 	1325 	2341
f 2334 	2340 	2352
f 2278 	2282 	2031
f 2214 	2047 	2081
f 2282 	2285 	2344
f 2341 	2342 	2333
f 2285 	2294 	2344
f 2326 	1765 	1666
f 2344 	2294 	2347
f 1191 	2340 	2346
f 2344 	2347 	2345
f 1191 	1122 	1772
f 2345 	2347 	897
f 2340 	1191 	2352
f 1855 	2350 	2299
f 2352 	1191 	1772
f 2299 	2350 	2309
f 2350 	2337 	2309
f 2338 	2268 	2348
f 1772 	1765 	2352
f 2302 	2309 	2337
f 3310 	2453 	2348
f 2350 	1855 	2255
f 2326 	2352 	1765
f 2282 	2344 	2357
f 2250 	2337 	2350
f 903 	454 	2345
f 2337 	2335 	2302
f 1686 	2356 	2355
f 2357 	2031 	2282
f 2337 	2339 	2335
f 2035 	2349 	2362
f 2344 	2345 	2357
f 2359 	2354 	1277
f 1277 	1279 	2359
f 2336 	2512 	2314
f 2345 	454 	2357
f 2730 	2353 	2754
f 2314 	2302 	2336
f 2316 	2512 	2520
f 1975 	1985 	2375
f 2316 	2314 	2512
f 2376 	2351 	1975
f 2035 	2047 	2349
f 2237 	2361 	2347
f 2376 	1975 	2375
f 2520 	2323 	2316
f 897 	2347 	2361
f 2255 	2250 	2350
f 2333 	1985 	1325
f 2361 	891 	897
f 2358 	1688 	2430
f 1985 	2333 	2375
f 2250 	2246 	2337
f 2430 	1688 	2307
f 2361 	612 	891
f 347 	2191 	2362
f 1481 	2019 	2364
f 2363 	2392 	2360
f 2363 	2360 	2086
f 2080 	2248 	2240
f 2191 	2383 	2362
f 2363 	2086 	2089
f 2370 	2390 	2363
f 2324 	2331 	2377
f 2080 	2193 	2371
f 2383 	2191 	2373
f 2248 	2080 	2371
f 2089 	2370 	2363
f 2382 	2035 	2362
f 2193 	1980 	2372
f 2089 	1973 	2374
f 2372 	2371 	2193
f 2374 	1973 	2097
f 2456 	2371 	2372
f 2318 	2373 	2196
f 2374 	2370 	2089
f 2378 	2207 	2200
f 2374 	2097 	1277
f 2370 	2374 	1277
f 2373 	2318 	2315
f 2380 	2378 	2200
f 2370 	1277 	2354
f 2324 	2377 	2381
f 2375 	2330 	2376
f 2380 	2208 	4022
f 2379 	2381 	2377
f 4022 	2208 	4023
f 2376 	3605 	2351
f 2378 	2384 	2207
f 2373 	2382 	2383
f 2331 	2365 	2377
f 2375 	2333 	2330
f 1132 	1420 	1411
f 2386 	3141 	2286
f 2381 	2379 	2393
f 2200 	2208 	2380
f 2260 	2338 	2386
f 2386 	2440 	3141
f 2228 	2387 	2385
f 2389 	2226 	2388
f 2145 	2178 	2292
f 1415 	1132 	1411
f 2178 	2295 	2292
f 2391 	1415 	1440
f 2370 	2397 	2390
f 2417 	1132 	2391
f 2253 	2324 	2381
f 2391 	2426 	2417
f 2393 	2628 	2205
f 2391 	1132 	1415
f 2392 	2387 	2360
f 2393 	2379 	2628
f 1440 	2426 	2391
f 2363 	2390 	2392
f 2393 	2205 	2203
f 2387 	2228 	2360
f 1440 	2398 	2426
f 2208 	2215 	4023
f 2393 	2253 	2381
f 2362 	2383 	2382
f 2222 	2384 	2388
f 2385 	2232 	2224
f 2382 	2373 	2315
f 2203 	2168 	2393
f 2388 	2226 	2222
f 2464 	2354 	2359
f 2378 	2396 	2384
f 2066 	2648 	1999
f 2393 	2256 	2253
f 2258 	2256 	2168
f 2322 	2578 	2382
f 2308 	1999 	2648
f 2088 	2578 	2322
f 2168 	2256 	2393
f 2466 	2518 	2397
f 2168 	1533 	2258
f 2096 	2088 	2329
f 1491 	2411 	2399
f 2604 	1973 	2284
f 2466 	2397 	2370
f 2329 	2710 	2096
f 2399 	2398 	1462
f 2311 	2400 	2285
f 2401 	2384 	2396
f 2399 	2395 	2398
f 2401 	3017 	2388
f 1449 	1456 	2402
f 2404 	1449 	2402
f 1438 	2402 	1456
f 2408 	2295 	2178
f 1944 	1449 	2404
f 1941 	2007 	2404
f 2186 	2408 	2178
f 2388 	2384 	2401
f 2186 	2189 	2408
f 2189 	2412 	2408
f 2412 	2424 	2408
f 2226 	2389 	2227
f 2410 	2428 	2452
f 1980 	2227 	2389
f 2407 	2414 	2389
f 2359 	1279 	1375
f 2389 	2414 	1980
f 2409 	2406 	2327
f 2400 	2403 	2317
f 2415 	1537 	2600
f 2327 	2416 	2334
f 2407 	2495 	2414
f 2327 	2406 	2416
f 2418 	1952 	1252
f 1438 	2413 	2402
f 2413 	2454 	2459
f 2400 	2317 	2285
f 2409 	2327 	2326
f 2404 	2459 	2027
f 2459 	2404 	2402
f 2340 	2334 	2449
f 2418 	1252 	2417
f 2424 	2305 	2408
f 2334 	2416 	2449
f 2424 	2307 	2305
f 2346 	1472 	1191
f 1944 	1475 	1449
f 1944 	2404 	2007
f 2426 	2418 	2417
f 1944 	2054 	1475
f 2426 	2427 	2418
f 2425 	2423 	2422
f 2426 	2435 	2427
f 2430 	2307 	2424
f 2513 	2431 	1483
f 2429 	2409 	2432
f 2433 	1483 	2431
f 2423 	2419 	2422
f 2433 	1492 	1483
f 2437 	2429 	2432
f 1436 	1492 	2433
f 2426 	2395 	2435
f 2429 	2554 	2406
f 2429 	2406 	2409
f 2422 	2456 	2425
f 2430 	2482 	2358
f 2272 	2265 	2367
f 2445 	1436 	2433
f 2265 	2364 	2367
f 2445 	1438 	1436
f 2265 	1481 	2364
f 2436 	2438 	2439
f 1941 	2404 	2027
f 2395 	2426 	2398
f 2437 	2432 	2232
f 2019 	2665 	2364
f 2534 	2395 	2399
f 1941 	2027 	3694
f 2386 	2338 	2440
f 3694 	1577 	1941
f 2441 	2385 	2387
f 1941 	1577 	2163
f 2489 	2487 	2441
f 2450 	2440 	2338
f 2438 	2436 	2558
f 2163 	2012 	1941
f 2534 	2399 	2546
f 2338 	2348 	2450
f 2385 	2437 	2232
f 1120 	1260 	2442
f 1260 	2443 	2442
f 2441 	2437 	2385
f 2542 	1274 	1472
f 2438 	2410 	2439
f 2406 	2563 	2416
f 1431 	1430 	2442
f 2445 	2413 	1438
f 2343 	2332 	2465
f 2448 	2644 	2564
f 2445 	2454 	2413
f 2448 	2646 	2644
f 2442 	2443 	2451
f 2416 	2547 	2449
f 2447 	2246 	2280
f 3312 	2343 	2444
f 2185 	2445 	2490
f 2471 	2452 	2428
f 2402 	2413 	2459
f 2422 	2419 	2240
f 2410 	2452 	2439
f 2603 	2457 	2451
f 2346 	2455 	1472
f 2457 	1297 	2442
f 2455 	2542 	1472
f 2445 	2261 	2454
f 2458 	2425 	2456
f 2457 	2442 	2451
f 2567 	2439 	2452
f 2348 	2453 	2450
f 2449 	2346 	2340
f 2449 	2552 	2455
f 1938 	1939 	2461
f 2371 	2456 	2248
f 2449 	2455 	2346
f 1939 	2462 	2461
f 2312 	2463 	2332
f 2552 	2542 	2455
f 2463 	2465 	2332
f 2456 	2422 	2248
f 2457 	2460 	1514
f 2354 	2464 	2466
f 2467 	2447 	2280
f 1514 	1297 	2457
f 2468 	2463 	2312
f 2467 	2446 	2447
f 2468 	2470 	2463
f 2467 	2478 	2446
f 2471 	2415 	2461
f 2468 	2472 	2470
f 2471 	2420 	2415
f 1430 	1120 	2442
f 2471 	2428 	2420
f 1514 	2460 	1482
f 2600 	1659 	2461
f 2367 	2473 	2272
f 2273 	2272 	2473
f 2460 	2475 	1482
f 2471 	2461 	2462
f 2473 	2279 	2273
f 2472 	2476 	3175
f 2359 	1375 	2474
f 2472 	2468 	2476
f 2468 	2355 	2476
f 2610 	2475 	2460
f 2474 	2464 	2359
f 2468 	2312 	2355
f 2467 	2280 	2473
f 2768 	2474 	1489
f 2431 	2513 	2477
f 1945 	1551 	1585
f 2467 	2479 	2478
f 1474 	2480 	2405
f 1551 	1938 	2461
f 2370 	2354 	2466
f 2434 	2482 	2430
f 1551 	2461 	1659
f 2421 	2317 	2403
f 2482 	2356 	2358
f 2485 	2431 	2477
f 2319 	2484 	2311
f 2485 	2488 	2431
f 2476 	2356 	2482
f 2484 	2400 	2311
f 2476 	2355 	2356
f 2490 	2445 	2433
f 2437 	2486 	2429
f 2488 	2433 	2431
f 2490 	2433 	2488
f 1618 	2786 	2788
f 2485 	2185 	2488
f 2487 	2514 	2486
f 2185 	2490 	2488
f 2519 	2484 	2319
f 2441 	2487 	2486
f 2480 	2492 	2405
f 1585 	1960 	1945
f 2387 	2489 	2441
f 2480 	2493 	2492
f 2445 	1654 	2261
f 2473 	2367 	2494
f 2367 	2491 	2494
f 2414 	2495 	2456
f 2493 	2496 	2469
f 2495 	3022 	2458
f 2458 	2456 	2495
f 2480 	2496 	2493
f 2392 	2489 	2387
f 2480 	1502 	2496
f 2481 	2554 	2429
f 1474 	1502 	2480
f 2485 	2477 	2585
f 2414 	2456 	2372
f 2546 	2399 	2411
f 2264 	2485 	2585
f 2804 	2494 	2491
f 1596 	2459 	2454
f 2494 	2467 	2473
f 2804 	2479 	2494
f 2499 	2392 	2390
f 2479 	2467 	2494
f 2335 	2502 	2336
f 2502 	2503 	2506
f 2532 	2522 	2499
f 2438 	2505 	2410
f 2469 	2496 	1519
f 2489 	2392 	2499
f 2522 	2489 	2499
f 2506 	2503 	2533
f 2475 	2469 	1519
f 1506 	1809 	2501
f 2441 	2486 	2437
f 2507 	2410 	2505
f 2510 	2779 	2481
f 2508 	2502 	2506
f 2331 	2421 	2365
f 2500 	2509 	2498
f 2508 	2512 	2502
f 1321 	2971 	2497
f 2513 	1512 	2509
f 2429 	2510 	2481
f 2336 	2502 	2512
f 2486 	2510 	2429
f 2507 	2511 	1537
f 852 	1960 	1585
f 2515 	2516 	2512
f 2507 	2529 	2511
f 2510 	2486 	2514
f 1943 	1537 	2511
f 2319 	2116 	2519
f 2515 	2512 	2508
f 1537 	2420 	2507
f 2516 	2520 	2512
f 2420 	2428 	2507
f 2428 	2410 	2507
f 2766 	2518 	2464
f 2464 	2518 	2466
f 2505 	2438 	2541
f 2522 	2800 	2487
f 2522 	2803 	2800
f 2521 	2519 	2116
f 2116 	2118 	2521
f 2596 	2520 	2516
f 2514 	2487 	2800
f 2489 	2522 	2487
f 2397 	2526 	2390
f 2503 	2502 	2339
f 2527 	2047 	2524
f 1981 	1991 	2530
f 1991 	2025 	2530
f 2397 	2518 	2526
f 2471 	2462 	2530
f 2335 	2339 	2502
f 1924 	2511 	2002
f 2601 	2603 	2451
f 2526 	2532 	2499
f 2511 	1924 	1928
f 1928 	1943 	2511
f 2534 	2435 	2395
f 2536 	2533 	2503
f 2536 	2537 	2533
f 2532 	2803 	2522
f 2536 	2446 	2537
f 2530 	2025 	2535
f 2505 	2539 	2507
f 2536 	2447 	2446
f 2569 	2529 	2539
f 2525 	1536 	1530
f 2536 	2339 	2337
f 2526 	2499 	2390
f 2529 	2507 	2539
f 2536 	2503 	2339
f 2536 	2337 	2246
f 2014 	2540 	2025
f 2536 	2246 	2447
f 2537 	2557 	2533
f 2508 	2506 	2533
f 2014 	2020 	2540
f 2557 	2559 	2533
f 2544 	2541 	2656
f 2078 	2543 	2020
f 2544 	2505 	2541
f 2539 	2505 	2544
f 2543 	2540 	2020
f 2416 	2563 	2547
f 2078 	2527 	2543
f 2537 	2549 	2545
f 2537 	2446 	2549
f 2478 	2549 	2446
f 2550 	2449 	2547
f 2623 	2649 	2546
f 2478 	2545 	2549
f 2541 	2558 	2548
f 2541 	2438 	2558
f 2552 	2449 	2550
f 2524 	2644 	2527
f 2670 	2541 	2548
f 1321 	1520 	2971
f 2629 	2644 	2524
f 2524 	2035 	2629
f 2551 	2568 	2479
f 2436 	2448 	2558
f 2606 	2724 	2538
f 2527 	2555 	2543
f 2558 	2448 	2561
f 2554 	2481 	2556
f 2564 	2561 	2448
f 2540 	2543 	2567
f 2548 	2558 	2561
f 2561 	2664 	2548
f 2538 	2739 	2562
f 2779 	2556 	2481
f 2556 	2563 	2554
f 2555 	2560 	2543
f 2561 	2564 	2553
f 2530 	2535 	2471
f 2406 	2554 	2563
f 2535 	2452 	2471
f 2567 	2560 	2439
f 2557 	2565 	2559
f 2531 	2421 	2403
f 2563 	2566 	2547
f 2561 	2553 	2664
f 2556 	2566 	2563
f 2478 	2568 	2545
f 2567 	2452 	2535
f 2566 	2550 	2547
f 2567 	2535 	2540
f 2479 	2568 	2478
f 2568 	2573 	2565
f 2002 	2569 	2577
f 2529 	2569 	2002
f 2542 	2575 	1508
f 2035 	2578 	2629
f 2571 	2576 	2570
f 2575 	3831 	1508
f 2484 	2570 	2400
f 2565 	2545 	2568
f 3044 	2531 	2576
f 2539 	2574 	2569
f 2511 	2529 	2002
f 2570 	2576 	2403
f 3836 	3837 	2542
f 3837 	2575 	2542
f 2576 	2531 	2403
f 1511 	1508 	3831
f 2001 	2002 	2577
f 2567 	2543 	2560
f 2557 	2545 	2565
f 2570 	2403 	2400
f 2574 	2577 	2569
f 2537 	2545 	2557
f 2519 	2579 	2484
f 2565 	2573 	2625
f 1509 	1511 	3825
f 2570 	2484 	2579
f 2035 	2382 	2578
f 2578 	2581 	2572
f 1509 	3825 	1531
f 2583 	2581 	2578
f 2582 	2421 	2531
f 2509 	2477 	2513
f 2582 	2365 	2421
f 2585 	2477 	2509
f 2551 	2580 	2568
f 2509 	2500 	2585
f 3044 	2576 	2571
f 1527 	2883 	2880
f 1534 	1515 	2584
f 2585 	2500 	2394
f 2586 	2581 	2583
f 2520 	2596 	2323
f 1515 	1531 	2584
f 3861 	2584 	1531
f 1531 	3857 	3861
f 2583 	2578 	2088
f 2596 	2325 	2323
f 2525 	3018 	3054
f 2509 	1506 	2498
f 2096 	2583 	2088
f 2509 	1512 	1506
f 2586 	2583 	2589
f 2513 	1483 	1512
f 3057 	2497 	3001
f 1506 	2501 	2498
f 2096 	2589 	2583
f 2587 	2582 	2531
f 2585 	2394 	2254
f 2585 	2254 	2264
f 2587 	2365 	2582
f 2589 	2517 	2586
f 2590 	2365 	2587
f 2591 	2589 	2109
f 2517 	2589 	2591
f 2592 	2365 	2590
f 2590 	2862 	2592
f 2379 	2377 	2592
f 2134 	2115 	2593
f 2593 	2748 	2134
f 2595 	2516 	2515
f 2595 	2596 	2516
f 2593 	2245 	2597
f 2451 	2443 	2601
f 2461 	2415 	2600
f 2599 	2597 	2245
f 2596 	2602 	2605
f 2603 	2601 	1975
f 1975 	1977 	2603
f 2604 	2284 	2056
f 1543 	1659 	2600
f 2595 	2602 	2596
f 2605 	2325 	2596
f 2744 	2634 	2617
f 2608 	2603 	1977
f 2609 	2605 	2602
f 2328 	2605 	2609
f 2115 	3720 	3716
f 2610 	2603 	2608
f 2605 	2328 	2325
f 2610 	2460 	2603
f 151 	2655 	2609
f 3720 	2115 	2113
f 2603 	2460 	2457
f 2612 	1683 	2483
f 2614 	2508 	2533
f 2606 	2613 	2725
f 2115 	3716 	2593
f 2612 	2144 	1683
f 2614 	2515 	2508
f 2613 	2606 	2469
f 2559 	2614 	2533
f 2614 	2559 	2615
f 2614 	2595 	2515
f 2604 	2599 	2245
f 2601 	2443 	1324
f 2616 	2595 	2614
f 2056 	2368 	2604
f 2604 	2368 	2630
f 2602 	2595 	2616
f 2015 	2024 	4049
f 2635 	2636 	2616
f 1614 	2144 	2612
f 2609 	2602 	2616
f 2298 	2641 	2633
f 2475 	2613 	2469
f 2475 	2610 	2613
f 2493 	2538 	2492
f 2606 	2538 	2493
f 2493 	2469 	2606
f 2619 	2618 	2620
f 2562 	2492 	2538
f 2405 	2623 	2411
f 2565 	2622 	2615
f 2862 	2379 	2592
f 2748 	2593 	2597
f 2377 	2365 	2592
f 2597 	2599 	2626
f 2599 	2604 	2626
f 2624 	2621 	2517
f 2620 	2622 	2625
f 2622 	2620 	2618
f 2517 	2591 	2624
f 2604 	2749 	2626
f 2565 	2625 	2622
f 2775 	2604 	2661
f 2205 	2628 	2750
f 2629 	2578 	2572
f 2218 	2205 	2750
f 2581 	2634 	2572
f 3083 	1542 	1538
f 2615 	2559 	2565
f 2635 	2622 	2618
f 1536 	3054 	1538
f 2594 	2632 	2629
f 1536 	2525 	3054
f 2118 	2131 	2631
f 2635 	2616 	2614
f 2986 	2971 	1520
f 2411 	2623 	2546
f 2636 	2609 	2616
f 2562 	2649 	2623
f 2978 	1304 	2504
f 2629 	2572 	2634
f 2615 	2635 	2614
f 2405 	2492 	2623
f 2492 	2562 	2623
f 2427 	1952 	2418
f 2629 	2634 	2594
f 2619 	2635 	2618
f 2615 	2622 	2635
f 2617 	2634 	2581
f 2617 	2581 	2586
f 2621 	2617 	2586
f 2435 	2640 	2427
f 2640 	1958 	1952
f 2640 	1952 	2427
f 1966 	2640 	2645
f 2643 	3137 	2668
f 2619 	2620 	2642
f 2647 	2498 	2501
f 2646 	2436 	2560
f 2500 	2498 	2647
f 2435 	2534 	2640
f 2646 	2448 	2436
f 2648 	2500 	2647
f 2644 	2646 	2555
f 2501 	2643 	2647
f 2439 	2560 	2436
f 2619 	2642 	2651
f 2555 	2646 	2560
f 2546 	2652 	2534
f 2564 	2644 	2632
f 2652 	2645 	2640
f 2644 	2555 	2527
f 2653 	374 	148
f 2652 	2718 	2645
f 2500 	2648 	2394
f 151 	2609 	2653
f 2303 	2394 	2648
f 2644 	2629 	2632
f 2648 	2647 	2641
f 2655 	2328 	2609
f 2174 	2328 	2655
f 2607 	2544 	2656
f 2544 	2607 	2611
f 2574 	2539 	2544
f 2651 	2635 	2619
f 2636 	2635 	2651
f 2544 	2611 	2574
f 2636 	2651 	2653
f 2609 	2636 	2653
f 2586 	2517 	2621
f 2631 	2131 	2637
f 2174 	2321 	2328
f 2174 	2176 	2321
f 2630 	2633 	2663
f 2641 	2647 	2663
f 2633 	2641 	2663
f 2657 	2664 	2553
f 2661 	2630 	2663
f 2016 	2666 	2665
f 2663 	2643 	2668
f 2647 	2643 	2663
f 2604 	2630 	2661
f 2548 	2664 	2697
f 2131 	2660 	2637
f 1951 	2662 	1790
f 2662 	2674 	1790
f 2656 	2541 	2670
f 1951 	1584 	2662
f 2658 	2668 	3137
f 1598 	1528 	2662
f 2607 	2656 	2670
f 2660 	2131 	3854
f 2648 	2066 	2303
f 2641 	2298 	2308
f 2607 	2670 	2771
f 2308 	2648 	2641
f 2684 	2672 	2671
f 3854 	2675 	2660
f 1250 	2679 	1251
f 2659 	1251 	2679
f 2679 	2662 	2723
f 2679 	2723 	2659
f 2677 	2657 	2553
f 2678 	2675 	3854
f 2676 	2654 	2683
f 2672 	1251 	2659
f 2684 	1251 	2672
f 2683 	2686 	2676
f 2684 	1248 	1251
f 2686 	2677 	2676
f 2666 	2016 	2667
f 2016 	2691 	2667
f 1268 	2684 	2671
f 1268 	1273 	2684
f 1273 	1248 	2684
f 1389 	2689 	2937
f 2685 	2673 	2687
f 2680 	2685 	2687
f 2662 	2679 	2674
f 2677 	2686 	2657
f 1255 	2674 	2679
f 2657 	2686 	2703
f 2181 	2243 	2758
f 2131 	3869 	3854
f 2016 	2026 	2691
f 2243 	2683 	2758
f 2683 	2654 	2758
f 2148 	2700 	2691
f 2026 	2148 	2691
f 2667 	223 	224
f 2670 	2548 	2697
f 2699 	2700 	2148
f 2699 	229 	2700
f 2062 	2063 	2701
f 2700 	229 	223
f 2848 	2781 	2638
f 2699 	218 	229
f 2701 	1847 	1846
f 218 	2699 	2158
f 346 	2731 	224
f 2703 	2686 	2690
f 2638 	2693 	2848
f 2695 	2570 	2579
f 2709 	2657 	2703
f 2709 	2664 	2657
f 2697 	2664 	2709
f 2137 	2092 	2706
f 2707 	2631 	2219
f 2706 	2715 	2137
f 2711 	2084 	2704
f 2761 	2713 	2696
f 2698 	2857 	2704
f 2708 	2521 	2707
f 2669 	2667 	2731
f 2713 	2765 	2710
f 2708 	2519 	2521
f 2631 	2707 	2521
f 2777 	2713 	2710
f 2521 	2118 	2631
f 2761 	2765 	2713
f 2774 	2574 	2611
f 2711 	2701 	2063
f 2694 	1266 	2716
f 2708 	2579 	2519
f 2715 	2759 	2714
f 1840 	2701 	1846
f 2753 	2694 	2716
f 2701 	1840 	2077
f 2708 	2695 	2579
f 2716 	1268 	2702
f 2702 	2753 	2716
f 2652 	2640 	2534
f 2671 	2702 	1268
f 2717 	2152 	2714
f 2546 	2649 	2652
f 1266 	2694 	1453
f 2649 	2718 	2652
f 4049 	2024 	2001
f 2076 	2077 	2720
f 2720 	2071 	2070
f 2721 	2705 	2719
f 1453 	2694 	2696
f 2714 	2693 	2717
f 2662 	1528 	2723
f 369 	374 	2869
f 1832 	3052 	2722
f 2868 	369 	2869
f 2756 	2759 	2706
f 1832 	3159 	3052
f 372 	369 	2868
f 2062 	2701 	2077
f 2627 	2061 	4051
f 2715 	2706 	2759
f 2606 	2725 	2724
f 2868 	2866 	372
f 2725 	2726 	2724
f 1840 	2720 	2077
f 2729 	346 	342
f 1901 	2071 	2720
f 342 	2719 	2729
f 1901 	1902 	2071
f 2719 	2712 	2729
f 2719 	2705 	2712
f 2092 	2746 	2706
f 2092 	2103 	2732
f 2733 	2704 	2084
f 2698 	2704 	2733
f 2728 	2727 	2782
f 2732 	2746 	2092
f 2730 	2608 	1977
f 2667 	224 	2731
f 2275 	2732 	2103
f 2733 	2119 	2735
f 2734 	2753 	2702
f 2725 	2737 	2730
f 2727 	2734 	2786
f 2737 	2608 	2730
f 2727 	2786 	2782
f 2737 	2610 	2608
f 2866 	2721 	372
f 2732 	2275 	2736
f 2702 	2671 	2734
f 2613 	2737 	2725
f 2738 	2734 	2671
f 2570 	2695 	2571
f 2649 	2562 	2739
f 2662 	1584 	1598
f 2742 	2632 	2594
f 2128 	2134 	2740
f 2762 	2718 	2649
f 2617 	2621 	2744
f 2594 	2634 	2744
f 2743 	2723 	1600
f 2743 	2659 	2723
f 2742 	2594 	2744
f 2739 	2538 	2724
f 2134 	2745 	2740
f 2724 	2747 	2739
f 2742 	2744 	2764
f 2738 	2672 	2743
f 2672 	2659 	2743
f 2805 	2745 	2748
f 2738 	2671 	2672
f 2613 	2610 	2737
f 2134 	2748 	2745
f 2742 	2564 	2632
f 2677 	2742 	2676
f 2724 	2726 	2747
f 2301 	2726 	2751
f 2749 	2805 	2748
f 2483 	1683 	2752
f 1528 	1600 	2723
f 2754 	2751 	2726
f 2749 	2748 	2626
f 2978 	2706 	2746
f 1683 	2123 	2752
f 2753 	2755 	2694
f 2978 	2756 	2706
f 2727 	2728 	2755
f 2725 	2754 	2726
f 2624 	2123 	2621
f 2624 	2752 	2123
f 2597 	2626 	2748
f 2624 	2483 	2752
f 2753 	2727 	2755
f 2734 	2727 	2753
f 2123 	2181 	2758
f 2755 	2696 	2694
f 2760 	2758 	2654
f 2754 	2725 	2730
f 2755 	2761 	2696
f 2762 	2306 	3066
f 2761 	2755 	2728
f 2688 	2714 	2759
f 2762 	2763 	2306
f 2764 	2744 	2760
f 2762 	2649 	2763
f 2649 	2739 	2763
f 2654 	2676 	2764
f 2714 	2688 	2693
f 2310 	2645 	2718
f 2766 	2464 	2474
f 2845 	2628 	2379
f 2742 	2764 	2676
f 2728 	2483 	2761
f 2123 	2760 	2744
f 2654 	2764 	2760
f 2710 	2765 	2109
f 2310 	2718 	2762
f 2221 	2218 	2750
f 2739 	2747 	2763
f 2770 	2756 	2757
f 2763 	3095 	2306
f 2756 	2770 	2759
f 2758 	2760 	2123
f 2301 	2747 	2726
f 2621 	2123 	2744
f 2553 	2742 	2677
f 2301 	2763 	2747
f 2329 	2769 	1433
f 2553 	2564 	2742
f 2504 	1516 	2757
f 2769 	1432 	1433
f 2768 	2772 	2767
f 2754 	2369 	2751
f 2754 	2366 	2369
f 2366 	2754 	2353
f 2474 	2768 	2766
f 1432 	2769 	2300
f 1516 	2770 	2757
f 2669 	2729 	2712
f 2688 	2759 	2776
f 2329 	1433 	1455
f 3080 	2767 	2772
f 2669 	2731 	2729
f 2774 	2611 	2607
f 1452 	1453 	2696
f 2776 	2759 	2770
f 2771 	2774 	2607
f 1452 	2696 	1469
f 1489 	2772 	2768
f 223 	2667 	2691
f 2329 	1455 	2710
f 2691 	2700 	223
f 2717 	2693 	2638
f 2666 	2778 	2665
f 1469 	2696 	2777
f 2696 	2713 	2777
f 2778 	2780 	2364
f 2740 	2808 	2129
f 2710 	1455 	2777
f 2367 	2364 	2780
f 2781 	2717 	2638
f 2740 	2129 	2128
f 2781 	2159 	2717
f 2802 	2159 	2781
f 2733 	2735 	2698
f 2778 	2364 	2665
f 2483 	2728 	2782
f 2510 	2514 	2779
f 2782 	2612 	2483
f 2855 	2930 	2781
f 2740 	2745 	2784
f 2785 	2780 	2778
f 1614 	2612 	2782
f 2930 	2802 	2781
f 2795 	2780 	2785
f 2514 	2783 	2779
f 2736 	2741 	2732
f 2785 	2790 	2795
f 1614 	2782 	2786
f 2741 	2746 	2732
f 2738 	2788 	2734
f 119 	126 	2709
f 2491 	2780 	2795
f 2788 	2786 	2734
f 2741 	2736 	2999
f 2491 	2367 	2780
f 2061 	2627 	2235
f 2627 	2793 	2235
f 2738 	2794 	2788
f 2787 	2518 	2792
f 2801 	2871 	2793
f 2794 	1618 	2788
f 2787 	2526 	2518
f 2790 	2796 	2795
f 2794 	1623 	1618
f 2791 	2749 	2789
f 2794 	1600 	1623
f 2790 	2812 	2796
f 2736 	2275 	2798
f 2743 	1600 	2794
f 2736 	2798 	2999
f 2796 	2799 	2795
f 2794 	2738 	2743
f 2799 	2491 	2795
f 2798 	3147 	2999
f 2109 	2765 	2591
f 2789 	2749 	2604
f 2765 	2761 	2591
f 2604 	2775 	2789
f 2797 	2799 	2796
f 2802 	2164 	2159
f 2761 	2624 	2591
f 2802 	2183 	2164
f 2804 	2797 	2827
f 2761 	2483 	2624
f 2942 	2805 	2791
f 2551 	2479 	2804
f 2805 	2749 	2791
f 2806 	2183 	2802
f 2491 	2797 	2804
f 2806 	2186 	2183
f 2518 	2766 	2872
f 2806 	2189 	2186
f 2491 	2799 	2797
f 2806 	3236 	2189
f 2666 	2667 	2809
f 2669 	2809 	2667
f 3070 	1442 	2194
f 2787 	2532 	2526
f 2809 	2778 	2666
f 2785 	2809 	2810
f 2784 	2808 	2740
f 2412 	2189 	3236
f 2809 	2851 	2810
f 2812 	2810 	2851
f 2698 	2735 	2808
f 2514 	2800 	2783
f 2812 	2851 	2814
f 2668 	2658 	2815
f 2817 	2815 	2818
f 2809 	2712 	2851
f 2809 	2669 	2712
f 2813 	2820 	2773
f 2819 	2787 	2844
f 2821 	2812 	2814
f 2819 	2532 	2787
f 2815 	2817 	2789
f 2775 	2815 	2789
f 2819 	2803 	2532
f 2823 	2807 	2816
f 2809 	2785 	2778
f 2831 	2815 	2658
f 2790 	2785 	2810
f 2518 	2872 	2792
f 2790 	2810 	2812
f 2812 	2797 	2796
f 2803 	2819 	2833
f 2812 	2821 	2797
f 2821 	2822 	2827
f 2821 	2827 	2797
f 2826 	2953 	2859
f 2826 	2820 	2813
f 2830 	2800 	2803
f 2826 	2828 	2820
f 2803 	2833 	2830
f 2815 	2831 	2818
f 2620 	2625 	2832
f 2663 	2668 	2815
f 2820 	2828 	2171
f 2620 	2832 	2847
f 2663 	2815 	2775
f 2625 	2573 	2832
f 2819 	2941 	2833
f 2841 	2897 	2887
f 2842 	2839 	2831
f 2838 	2832 	2568
f 2838 	2568 	2580
f 2837 	2021 	2843
f 2568 	2832 	2573
f 2838 	2853 	2832
f 2853 	2838 	2835
f 2379 	2843 	2845
f 2839 	2818 	2831
f 2843 	2854 	2845
f 3167 	2842 	2831
f 2838 	2580 	2835
f 2379 	2837 	2843
f 2835 	2580 	2551
f 2835 	2827 	2822
f 172 	2834 	2823
f 2551 	2804 	2835
f 2804 	2827 	2835
f 2848 	2855 	2781
f 3727 	2850 	2673
f 2177 	2828 	2826
f 2673 	2850 	2698
f 2852 	2822 	2821
f 2835 	2822 	2852
f 2177 	2826 	2859
f 2814 	2852 	2821
f 2852 	2853 	2835
f 2832 	2853 	2847
f 2857 	2698 	2850
f 2836 	2856 	2840
f 2853 	2852 	2866
f 2848 	1480 	2855
f 2866 	2847 	2853
f 2857 	2850 	1850
f 2642 	2620 	2847
f 2642 	2847 	2868
f 2673 	2698 	2687
f 2705 	2814 	2851
f 2861 	4090 	2840
f 2711 	1856 	2701
f 1856 	1847 	2701
f 2864 	2857 	1850
f 2861 	2840 	2856
f 1740 	2263 	2865
f 2864 	2711 	2704
f 2126 	2865 	2263
f 2721 	2866 	2705
f 2126 	2859 	2865
f 2852 	2705 	2866
f 2704 	2857 	2864
f 2861 	2867 	4094
f 2866 	2868 	2847
f 2837 	2379 	2862
f 2864 	1856 	2711
f 2867 	2861 	2860
f 2844 	2974 	2943
f 2787 	2792 	2844
f 2854 	2858 	2845
f 2846 	2873 	2874
f 2792 	2974 	2844
f 2750 	2628 	2845
f 2945 	2874 	2873
f 2801 	2816 	2871
f 2845 	2221 	2750
f 2871 	2877 	4073
f 2768 	2872 	2766
f 2845 	2858 	2221
f 2767 	2872 	2768
f 3170 	2875 	2870
f 2830 	2783 	2800
f 2772 	1498 	3080
f 2871 	2816 	2877
f 2846 	2878 	2873
f 2221 	2858 	2876
f 2873 	2878 	2888
f 2816 	2944 	2877
f 2874 	2952 	2895
f 2858 	2881 	2876
f 2807 	2944 	2816
f 1534 	2584 	2883
f 2807 	2884 	2944
f 2884 	2807 	2823
f 2881 	2914 	3894
f 2834 	2884 	2823
f 3096 	2879 	2918
f 2886 	2680 	2784
f 2886 	2681 	2680
f 2687 	2784 	2680
f 2942 	2681 	2886
f 2745 	2886 	2784
f 2885 	2523 	3014
f 2849 	2954 	2887
f 1542 	3083 	3014
f 2817 	2899 	2789
f 2779 	3090 	2890
f 2783 	3090 	2779
f 2556 	2779 	2896
f 2789 	2899 	2892
f 2779 	2890 	2896
f 2846 	2895 	2836
f 2868 	2869 	2642
f 2891 	2849 	2893
f 1547 	2885 	2879
f 2642 	2869 	2651
f 2846 	2874 	2895
f 2897 	2915 	2893
f 374 	2653 	2869
f 2856 	2836 	2895
f 2869 	2653 	2651
f 2897 	2893 	2849
f 2897 	2849 	2887
f 2890 	3067 	2896
f 3316 	2923 	2906
f 2861 	2856 	2970
f 2851 	2712 	2705
f 2891 	2683 	2240
f 2856 	3002 	3078
f 2901 	4045 	2824
f 2814 	2705 	2852
f 2896 	2900 	2556
f 2902 	2901 	2824
f 2566 	2556 	2903
f 2902 	2905 	2901
f 307 	2920 	309
f 2900 	2903 	2556
f 2910 	322 	2908
f 2902 	2825 	2909
f 2824 	2825 	2902
f 2683 	2243 	2240
f 3875 	2566 	2903
f 2897 	2841 	2992
f 2906 	2912 	2904
f 3875 	3876 	2566
f 4045 	2901 	2911
f 2683 	2891 	2893
f 322 	2913 	2908
f 322 	319 	2913
f 2825 	2829 	2909
f 2917 	317 	309
f 2915 	2690 	2893
f 2917 	318 	317
f 2919 	319 	318
f 2919 	2913 	319
f 2859 	2863 	2865
f 2919 	318 	2917
f 2863 	2968 	2922
f 2683 	2893 	2686
f 2893 	2690 	2686
f 2916 	2914 	2881
f 2863 	1740 	2865
f 2879 	3331 	2918
f 2936 	355 	2939
f 2936 	307 	355
f 2867 	2860 	2921
f 1740 	2863 	2922
f 4086 	4088 	2801
f 3019 	171 	2926
f 2906 	2923 	2898
f 259 	171 	3019
f 2889 	2899 	3920
f 2897 	2992 	2995
f 2928 	2898 	2923
f 2899 	2889 	2892
f 2911 	3026 	2926
f 3316 	2928 	2923
f 2939 	355 	358
f 2921 	2909 	2829
f 2829 	2867 	2921
f 2948 	2920 	3033
f 2948 	309 	2920
f 2948 	2917 	309
f 2948 	2919 	2917
f 2921 	2985 	2909
f 2892 	2889 	2932
f 2891 	2240 	2933
f 2791 	2892 	2932
f 2920 	2936 	3032
f 2932 	2692 	2942
f 2849 	2891 	2933
f 2920 	307 	2936
f 2692 	2681 	2942
f 2791 	2932 	2942
f 2892 	2791 	2789
f 2808 	2784 	2687
f 2894 	2937 	2935
f 2940 	2873 	2938
f 2689 	3886 	2937
f 2977 	3073 	2925
f 2873 	2940 	2945
f 2925 	3073 	2939
f 358 	2925 	2939
f 2805 	2942 	2886
f 2920 	3032 	3033
f 2886 	2745 	2805
f 2947 	2946 	2884
f 2687 	2698 	2808
f 2943 	2819 	2844
f 2928 	2931 	2930
f 2950 	2817 	2818
f 2929 	2928 	2930
f 2950 	2899 	2817
f 2938 	2873 	3200
f 2944 	2884 	2946
f 2818 	2839 	2950
f 2884 	2834 	2947
f 2930 	2931 	2951
f 2947 	2834 	2841
f 2813 	2949 	2979
f 2802 	2930 	2951
f 2949 	2813 	2773
f 2998 	2952 	2945
f 2839 	2842 	2870
f 2951 	2931 	2956
f 2841 	2887 	2947
f 2874 	2945 	2952
f 2950 	2839 	2870
f 3170 	2870 	2842
f 3002 	2895 	2952
f 2953 	2955 	2863
f 2955 	2927 	2958
f 2957 	242 	241
f 2661 	2663 	2775
f 2958 	2863 	2955
f 2849 	2966 	2954
f 2953 	2863 	2859
f 2957 	2934 	242
f 2419 	2965 	2933
f 3249 	3091 	2956
f 2943 	2941 	2819
f 3492 	3249 	2956
f 2928 	2929 	2811
f 2811 	2898 	2928
f 2957 	247 	3048
f 2887 	2954 	2947
f 247 	2957 	241
f 2919 	2948 	3035
f 249 	3048 	247
f 2960 	1784 	2962
f 2963 	1597 	1593
f 2965 	2966 	2933
f 2929 	2930 	2855
f 2938 	2989 	2940
f 2966 	2849 	2933
f 2964 	2826 	2813
f 2989 	2994 	2940
f 2964 	2953 	2826
f 2967 	1597 	2963
f 3169 	3171 	2934
f 2965 	3037 	2966
f 2967 	1613 	1597
f 2958 	2968 	2863
f 2967 	1619 	1613
f 2969 	2954 	2966
f 2856 	3078 	2970
f 3078 	2972 	2970
f 3037 	2969 	2966
f 2973 	2910 	2908
f 2902 	3071 	2905
f 3535 	2958 	2927
f 2971 	3001 	2497
f 2860 	2861 	2972
f 2978 	2741 	2986
f 2977 	2925 	2924
f 2972 	2861 	2970
f 2988 	2959 	2974
f 383 	2980 	376
f 2978 	2746 	2741
f 2924 	2980 	3079
f 2972 	3081 	2983
f 2757 	2756 	2978
f 2980 	2924 	376
f 2972 	2983 	2860
f 2988 	2981 	2959
f 2504 	2757 	2978
f 2947 	2976 	2946
f 2979 	2984 	2964
f 2965 	2423 	3037
f 2921 	2983 	2985
f 2921 	2860 	2983
f 2974 	2792 	2872
f 2965 	2419 	2423
f 2902 	2909 	3071
f 2969 	4236 	2976
f 2976 	2954 	2969
f 2959 	2943 	2974
f 2947 	2954 	2976
f 2984 	2987 	2964
f 2979 	2964 	2813
f 1520 	1313 	2986
f 2872 	2988 	2974
f 2933 	2240 	2419
f 2872 	3080 	2988
f 2987 	2953 	2964
f 1313 	1304 	2978
f 1313 	2978 	2986
f 2987 	2955 	2953
f 2834 	2992 	2841
f 2949 	2961 	2975
f 2949 	2975 	2979
f 2872 	2767 	3080
f 2967 	2982 	1619
f 2994 	2945 	2940
f 2990 	404 	2996
f 2962 	1769 	2982
f 2945 	2994 	2998
f 2996 	3230 	2990
f 3001 	2971 	2999
f 2962 	1784 	1769
f 286 	2897 	2995
f 2856 	2895 	3002
f 2986 	2999 	2971
f 3002 	2952 	3003
f 2741 	2999 	2986
f 2897 	3004 	2915
f 3004 	2690 	2915
f 3008 	3009 	3007
f 2843 	1437 	2854
f 3009 	2990 	2991
f 2960 	3063 	3006
f 393 	2990 	3009
f 3063 	3064 	3006
f 2998 	3124 	3003
f 3009 	2991 	3007
f 2998 	3003 	2952
f 2690 	3004 	194
f 3010 	2041 	2042
f 2045 	2041 	3010
f 3013 	4162 	4159
f 2980 	383 	3008
f 1498 	3000 	3080
f 407 	2996 	404
f 2425 	3013 	2423
f 256 	3011 	253
f 2880 	3000 	1498
f 2883 	3016 	2880
f 3056 	253 	3011
f 3015 	2991 	2990
f 3013 	2425 	2458
f 3016 	3000 	2880
f 256 	259 	3011
f 2926 	3026 	3019
f 2960 	2962 	3063
f 3019 	3012 	3011
f 3021 	3023 	3015
f 3013 	2458 	3022
f 3010 	2963 	2045
f 2991 	3015 	3023
f 3022 	2495 	2407
f 3098 	2961 	3028
f 3019 	3011 	259
f 3025 	2991 	3023
f 2961 	2949 	3028
f 3010 	3042 	2963
f 4162 	3013 	3022
f 3024 	3098 	3028
f 3025 	3007 	2991
f 3017 	2389 	2388
f 3017 	3027 	2389
f 2389 	3027 	2407
f 2894 	2907 	1459
f 2901 	3031 	2911
f 2949 	2773 	3028
f 3031 	3026 	2911
f 3030 	3024 	3028
f 3022 	2407 	3027
f 3030 	2182 	3024
f 3029 	2982 	2967
f 3032 	2936 	3069
f 3030 	3028 	2773
f 2901 	2905 	3031
f 2154 	2182 	3030
f 2154 	2773 	2155
f 3020 	2982 	3029
f 3030 	2773 	2154
f 3020 	2962 	2982
f 623 	1227 	1165
f 2167 	2773 	2820
f 2948 	3033 	3035
f 2820 	2171 	2167
f 3046 	3038 	3036
f 2773 	2167 	2155
f 2070 	2071 	3042
f 3041 	2919 	3035
f 2071 	3052 	3042
f 3043 	3039 	2201
f 3010 	2070 	3042
f 3024 	3039 	3098
f 3044 	2571 	2695
f 2423 	3013 	3037
f 3039 	3024 	2201
f 3042 	2967 	2963
f 3050 	3039 	3043
f 1406 	399 	632
f 2973 	3051 	3045
f 1406 	1343 	399
f 2973 	2908 	3051
f 1343 	1348 	405
f 3045 	3051 	3049
f 399 	1343 	405
f 2908 	2913 	3051
f 3052 	3047 	3042
f 3046 	3036 	2957
f 3049 	3051 	3053
f 3046 	2957 	3048
f 3059 	3053 	3051
f 2682 	3132 	2678
f 1165 	1169 	623
f 2722 	3052 	2071
f 2913 	3058 	3051
f 3051 	3058 	3059
f 3057 	2993 	3018
f 2919 	3041 	3058
f 2919 	3058 	2913
f 2770 	1516 	1471
f 2770 	1471 	2776
f 3074 	3050 	3043
f 2776 	1471 	2688
f 3059 	3058 	3041
f 1471 	1281 	2693
f 2848 	2693 	1281
f 253 	3056 	249
f 3056 	3046 	3048
f 3065 	3050 	3068
f 2693 	2688 	1471
f 3011 	3055 	3056
f 2922 	2270 	1740
f 2922 	2277 	2270
f 3060 	3006 	3094
f 3056 	3055 	3046
f 2922 	3590 	2277
f 3011 	3012 	3055
f 2590 	2587 	3087
f 249 	3056 	3048
f 3061 	3062 	1479
f 3065 	3066 	2306
f 1479 	1214 	3061
f 3067 	2900 	2896
f 2590 	3087 	2862
f 3069 	3082 	3032
f 2848 	1281 	1480
f 2310 	3066 	3068
f 3066 	3065 	3068
f 2881 	2858 	3070
f 2905 	3071 	3072
f 3084 	3069 	3073
f 3097 	3275 	3072
f 3065 	3095 	3647
f 2936 	2939 	3073
f 3072 	3071 	3097
f 3070 	2916 	2881
f 3069 	2936 	3073
f 3071 	2985 	3103
f 2977 	3084 	3073
f 3071 	2909 	2985
f 3067 	3361 	3937
f 2289 	2310 	3074
f 3050 	3074 	3068
f 3075 	3007 	3025
f 2929 	1402 	1192
f 2289 	3074 	3043
f 3075 	3008 	3007
f 3057 	3018 	2525
f 3006 	3064 	3094
f 3075 	3025 	433
f 2525 	2528 	3057
f 2980 	3008 	3075
f 3057 	2999 	2993
f 2528 	2497 	3057
f 3077 	3076 	2981
f 3001 	2999 	3057
f 3075 	455 	3079
f 3063 	3020 	3040
f 2988 	3077 	2981
f 3075 	3079 	2980
f 2924 	3085 	2977
f 3080 	3077 	2988
f 3079 	3085 	2924
f 3063 	2962 	3020
f 3470 	3077 	3080
f 3081 	2972 	3130
f 2523 	1336 	3014
f 3047 	3029 	2967
f 3047 	3040 	3029
f 3047 	2967 	3042
f 3112 	3069 	3084
f 3040 	3020 	3029
f 2983 	3081 	3103
f 3085 	464 	461
f 2831 	2658 	3086
f 3084 	3085 	461
f 3083 	1538 	3054
f 3087 	1842 	1845
f 2977 	3085 	3084
f 3087 	1845 	2862
f 2951 	2956 	3089
f 3103 	2985 	2983
f 2956 	3091 	3089
f 2951 	3089 	2802
f 3089 	2806 	2802
f 3075 	481 	455
f 2831 	3086 	3088
f 1352 	2531 	3044
f 3091 	2806 	3089
f 462 	481 	3075
f 1352 	1842 	2531
f 3092 	3088 	3102
f 2531 	1842 	2587
f 3075 	433 	462
f 3082 	3093 	3032
f 3092 	3167 	3088
f 3093 	3033 	3032
f 3061 	1214 	2898
f 3167 	2831 	3088
f 1842 	3087 	2587
f 3093 	3035 	3033
f 3002 	3003 	3078
f 2310 	3068 	3074
f 3124 	3078 	3003
f 3035 	3093 	3133
f 3130 	3364 	3081
f 3060 	3094 	3092
f 3133 	3135 	3035
f 3094 	3143 	3092
f 3095 	3065 	2306
f 2763 	3608 	3095
f 3146 	3094 	3064
f 3146 	3143 	3094
f 3079 	455 	464
f 3104 	2997 	3098
f 3063 	3034 	3064
f 464 	3085 	3079
f 2997 	2961 	3098
f 3104 	3105 	2997
f 3021 	430 	3023
f 3034 	3149 	3064
f 3014 	1336 	1542
f 3065 	3099 	3100
f 433 	3025 	3023
f 3040 	3034 	3063
f 1442 	3070 	2858
f 3100 	3050 	3065
f 3647 	3099 	3065
f 2225 	2707 	2219
f 3099 	3525 	3100
f 3101 	1799 	3102
f 3050 	3104 	3039
f 2707 	2225 	2233
f 1799 	1800 	3102
f 1800 	1774 	3102
f 3104 	3098 	3039
f 3071 	3103 	3097
f 3050 	3105 	3104
f 1336 	2523 	2885
f 3489 	430 	3021
f 3100 	3525 	3105
f 3049 	3123 	3122
f 3123 	3049 	3053
f 3050 	3100 	3105
f 3019 	3026 	3281
f 2898 	2811 	3061
f 2906 	2898 	1494
f 2906 	1195 	3096
f 3059 	3041 	3126
f 1776 	3107 	1774
f 2906 	1494 	1195
f 3126 	3053 	3059
f 3096 	2912 	2906
f 3107 	3102 	1774
f 3096 	2918 	2912
f 529 	3108 	3109
f 1782 	3111 	1776
f 3109 	3108 	3082
f 3082 	3069 	3109
f 2811 	2929 	3062
f 3111 	3107 	1776
f 3069 	3112 	3109
f 3031 	2905 	3106
f 477 	3109 	3112
f 2905 	3072 	3106
f 3062 	3061 	2811
f 3109 	477 	529
f 2855 	1480 	1392
f 3112 	478 	477
f 3111 	1782 	2960
f 2855 	1392 	2929
f 3112 	461 	478
f 2960 	3006 	3111
f 3112 	3084 	461
f 2929 	1392 	1402
f 2960 	1782 	1784
f 1192 	3062 	2929
f 3108 	3093 	3082
f 3108 	3133 	3093
f 3116 	2994 	2989
f 3035 	3135 	3118
f 2643 	2501 	3115
f 3116 	2998 	2994
f 3114 	3117 	3119
f 3118 	3041 	3035
f 3120 	1819 	3101
f 3118 	3126 	3041
f 1819 	1799 	3101
f 2916 	1457 	2907
f 3101 	3102 	3125
f 3134 	3124 	3116
f 3117 	3127 	3119
f 3136 	3126 	3118
f 3136 	3138 	3126
f 2998 	3116 	3124
f 3125 	3102 	3088
f 3116 	3113 	3134
f 3138 	3139 	3126
f 3119 	3128 	2987
f 3123 	3053 	3126
f 3148 	2783 	2830
f 3128 	2955 	2987
f 3124 	3395 	3078
f 3139 	3123 	3126
f 3168 	3148 	2830
f 3127 	2927 	3128
f 3092 	3102 	3107
f 3128 	2927 	2955
f 3078 	3129 	2972
f 3107 	3111 	3060
f 3060 	3092 	3107
f 2689 	3132 	2682
f 3129 	3130 	2972
f 3130 	3129 	3351
f 3006 	3060 	3111
f 529 	3133 	3108
f 3137 	2643 	3115
f 2501 	1809 	3115
f 3364 	3097 	3103
f 3103 	3081 	3364
f 3119 	3127 	3128
f 3120 	3115 	1809
f 3120 	1809 	1819
f 3127 	3688 	3691
f 3136 	3118 	3135
f 3134 	3376 	3389
f 3137 	3120 	3101
f 541 	1416 	2660
f 3115 	3120 	3137
f 629 	3139 	3138
f 2658 	3137 	3086
f 3137 	3101 	3125
f 2219 	2631 	2263
f 3691 	2927 	3127
f 3137 	3125 	3086
f 3131 	3114 	3140
f 3125 	3088 	3086
f 2975 	3140 	2979
f 3389 	3124 	3134
f 3124 	3389 	3395
f 3140 	3114 	2984
f 2984 	3114 	3119
f 3147 	3141 	3142
f 2854 	1437 	1439
f 3140 	2984 	2979
f 1442 	2858 	1439
f 3141 	2440 	3157
f 2858 	2854 	1439
f 3141 	3157 	3142
f 2997 	3144 	2961
f 3144 	3145 	2975
f 2916 	1510 	1457
f 3145 	3144 	3165
f 340 	3171 	3150
f 3150 	345 	340
f 2975 	2961 	3144
f 3149 	3151 	3146
f 2894 	1459 	1460
f 3145 	3131 	3140
f 3151 	3143 	3146
f 2975 	3145 	3140
f 2937 	1460 	1389
f 3150 	3152 	345
f 2937 	2894 	1460
f 345 	3152 	363
f 3034 	3154 	3149
f 2997 	3153 	3144
f 3156 	3154 	3034
f 3148 	3090 	2783
f 2440 	2450 	3157
f 2862 	2013 	2837
f 3156 	1886 	3154
f 2021 	2837 	2013
f 3139 	629 	633
f 3142 	3157 	3155
f 3156 	1887 	1886
f 3157 	2450 	2453
f 3156 	1832 	1887
f 1832 	3156 	3159
f 3157 	2453 	3214
f 3156 	3034 	3159
f 3157 	3203 	3155
f 596 	3135 	3133
f 3119 	2987 	2984
f 3214 	3203 	3157
f 3034 	3040 	3159
f 596 	626 	3135
f 3052 	3159 	3047
f 2708 	2707 	2233
f 3135 	626 	3136
f 3159 	3040 	3047
f 626 	3138 	3136
f 2233 	1407 	2708
f 3148 	3158 	3311
f 3154 	3151 	3149
f 1407 	2695 	2708
f 3133 	919 	596
f 1407 	1352 	3044
f 1407 	3044 	2695
f 2843 	2021 	1437
f 2910 	3161 	755
f 3163 	3160 	3162
f 3161 	758 	755
f 3164 	1263 	3161
f 3161 	1263 	761
f 2798 	2275 	3141
f 3141 	3147 	2798
f 3170 	2842 	3167
f 3152 	2888 	363
f 3188 	1263 	3164
f 2598 	3228 	3232
f 3382 	3121 	3253
f 3252 	3253 	3121
f 3170 	3167 	3092
f 3188 	3164 	3166
f 3169 	3186 	3171
f 2013 	2862 	1845
f 3170 	3092 	3143
f 3186 	3150 	3171
f 3143 	2875 	3170
f 3177 	1269 	1263
f 2412 	3239 	2424
f 3064 	3149 	3146
f 3174 	3192 	3176
f 3174 	3173 	3192
f 3172 	3192 	3173
f 1269 	3177 	1229
f 2660 	1416 	2263
f 3180 	3181 	3179
f 3178 	3179 	3181
f 1229 	3177 	1291
f 3916 	2875 	3143
f 3177 	3603 	1362
f 3200 	2873 	2888
f 3143 	3151 	3371
f 2263 	2637 	2660
f 3143 	3371 	3916
f 3305 	2434 	2430
f 3070 	2194 	1510
f 3236 	3239 	2412
f 3193 	3178 	3192
f 1510 	2916 	3070
f 3154 	2882 	3151
f 2938 	3229 	2989
f 1362 	1291 	3177
f 2882 	3371 	3151
f 1886 	2882 	3154
f 2482 	2434 	3175
f 1263 	3188 	3182
f 3175 	2476 	2482
f 3177 	1263 	3182
f 3185 	3121 	3184
f 3181 	3184 	3121
f 3185 	3187 	3121
f 3603 	3177 	3182
f 3180 	3184 	3181
f 3180 	3179 	3252
f 3180 	3252 	3184
f 3185 	3184 	3252
f 1850 	3183 	3189
f 3132 	2689 	1389
f 3191 	3194 	3186
f 1495 	3132 	1389
f 3235 	3198 	3191
f 3204 	2598 	3158
f 1495 	1503 	3132
f 3186 	3194 	3150
f 2678 	3132 	1503
f 3148 	3168 	3158
f 1503 	541 	2678
f 3152 	3150 	3194
f 541 	2675 	2678
f 3194 	3191 	3198
f 3293 	3195 	3197
f 3161 	3199 	3164
f 3198 	3200 	3194
f 2660 	2675 	541
f 3297 	3298 	3197
f 3199 	3161 	2910
f 3229 	2938 	3198
f 3298 	3293 	3197
f 2631 	2637 	2263
f 3199 	2910 	2973
f 3194 	3200 	3152
f 2888 	3152 	3200
f 1457 	1459 	2907
f 3198 	2938 	3200
f 2598 	3204 	3228
f 3153 	3165 	3144
f 2463 	3207 	2465
f 3207 	3208 	2465
f 3158 	3168 	3204
f 3166 	3164 	3196
f 3166 	3196 	3620
f 2463 	2470 	3207
f 2470 	3195 	3207
f 3209 	3213 	3210
f 2470 	2472 	3197
f 3162 	3160 	3153
f 3038 	3209 	3036
f 2470 	3197 	3195
f 3208 	2444 	2343
f 3210 	2934 	2957
f 3208 	2343 	2465
f 3162 	3153 	2997
f 3214 	2453 	2444
f 3208 	3214 	2444
f 3165 	3153 	3160
f 3210 	3213 	3169
f 3208 	3190 	3214
f 3204 	3168 	2830
f 3214 	3190 	3203
f 3207 	3218 	3208
f 3226 	3190 	3219
f 3190 	3208 	3219
f 3216 	3370 	3282
f 3219 	3208 	3218
f 3206 	3216 	1699
f 3210 	3169 	2934
f 3215 	3220 	3213
f 3216 	3340 	3370
f 3826 	3160 	3163
f 3340 	3216 	3206
f 3169 	3213 	3220
f 3142 	3005 	2993
f 3221 	3240 	1579
f 3220 	3191 	3186
f 2830 	2833 	3204
f 2993 	3147 	3142
f 3195 	3218 	3207
f 2175 	3241 	3221
f 3220 	3215 	3222
f 3222 	3191 	3220
f 2588 	3762 	3232
f 3224 	3241 	2175
f 3222 	3235 	3191
f 2175 	2188 	3224
f 2188 	3225 	3224
f 3155 	3203 	3226
f 3036 	3209 	3210
f 3005 	3155 	3226
f 2957 	3036 	3210
f 3203 	3190 	3226
f 3015 	2990 	3230
f 2833 	3228 	3204
f 3186 	3169 	3220
f 3005 	3142 	3155
f 3127 	3117 	3231
f 3223 	3234 	3230
f 2943 	2588 	3232
f 2993 	2999 	3147
f 1651 	2175 	3221
f 139 	3223 	3230
f 3231 	3233 	3127
f 3254 	3236 	2806
f 3232 	3228 	2833
f 3254 	3270 	3236
f 3237 	3021 	3015
f 3165 	3160 	3238
f 3198 	3235 	3229
f 3237 	3015 	3230
f 2833 	2941 	3232
f 3234 	3237 	3230
f 3241 	3240 	3221
f 3227 	3237 	3223
f 3234 	3223 	3237
f 3243 	3165 	3238
f 2943 	3232 	2941
f 3227 	3268 	3237
f 3206 	1684 	3245
f 3165 	3243 	3145
f 3131 	3145 	3243
f 1579 	3248 	1684
f 3248 	3245 	1684
f 2989 	3229 	3244
f 3248 	3344 	3245
f 3178 	3193 	3250
f 3250 	3179 	3178
f 3116 	2989 	3244
f 3235 	3244 	3229
f 1579 	3240 	3248
f 3437 	3450 	3192
f 3243 	3251 	3131
f 3178 	3357 	3192
f 3242 	3244 	3235
f 3252 	3121 	3187
f 3242 	3235 	3222
f 3250 	3252 	3179
f 2806 	3091 	3254
f 2179 	3327 	3225
f 3252 	3250 	3253
f 3131 	3251 	3255
f 3255 	3114 	3131
f 3239 	3236 	3270
f 3270 	3271 	3239
f 3117 	3114 	3255
f 3271 	3258 	3239
f 3263 	3626 	3038
f 3309 	3117 	3255
f 3259 	3257 	3250
f 3259 	3250 	3261
f 3313 	3314 	3231
f 3231 	3117 	3313
f 3046 	3263 	3038
f 2943 	2959 	2588
f 3250 	3265 	3264
f 3264 	3261 	3250
f 3250 	3257 	3256
f 3256 	3253 	3250
f 3187 	3185 	3252
f 3254 	3091 	3249
f 3249 	3270 	3254
f 3762 	2588 	2959
f 3258 	3305 	3239
f 3055 	3266 	3046
f 3309 	546 	3314
f 3258 	3262 	3305
f 3266 	3263 	3046
f 3266 	3303 	3296
f 3012 	3266 	3055
f 3241 	3349 	3240
f 3304 	3012 	3019
f 3304 	3303 	3266
f 3266 	3012 	3304
f 3224 	3385 	3355
f 3224 	3355 	3241
f 3019 	3281 	3322
f 3231 	588 	3233
f 3519 	3260 	3273
f 3274 	3072 	3275
f 3504 	3271 	3270
f 3260 	3321 	3273
f 3270 	3498 	3504
f 3372 	2650 	3359
f 3504 	3500 	3271
f 3277 	3278 	3279
f 3272 	3258 	3271
f 3358 	3275 	3097
f 3262 	3258 	3272
f 3212 	1691 	3280
f 3276 	3110 	3289
f 3262 	3272 	3509
f 3278 	3295 	3279
f 3368 	3366 	3280
f 3280 	3366 	3363
f 3282 	3368 	3280
f 3282 	3370 	3368
f 3247 	3284 	3246
f 1691 	3282 	3280
f 3031 	3106 	3285
f 3285 	3026 	3031
f 3281 	3026 	3285
f 3285 	3288 	3281
f 3290 	2218 	3291
f 3262 	3509 	3292
f 3290 	2197 	2218
f 3307 	3277 	3570
f 3285 	3474 	3288
f 3274 	3106 	3072
f 3505 	3276 	3289
f 3285 	3106 	3274
f 3284 	3247 	3294
f 3297 	3197 	2472
f 3263 	3266 	3296
f 3298 	3516 	3293
f 3294 	3465 	3301
f 3297 	3292 	3298
f 3286 	3298 	3292
f 3286 	3516 	3298
f 3292 	3300 	3262
f 3268 	3227 	3301
f 3292 	3297 	3300
f 3297 	3175 	3300
f 3297 	2472 	3175
f 3302 	3278 	3277
f 2430 	2424 	3239
f 3305 	2430 	3239
f 3211 	3452 	3246
f 3278 	3810 	3877
f 3305 	3300 	2434
f 3300 	3175 	2434
f 3299 	3251 	3289
f 3262 	3300 	3305
f 3237 	3485 	3489
f 3308 	2060 	2059
f 2059 	2312 	3308
f 2312 	2332 	3308
f 2343 	3308 	2332
f 57 	3306 	82
f 3299 	3255 	3251
f 2890 	3090 	3287
f 3268 	3485 	3237
f 3309 	4020 	546
f 3267 	2001 	43
f 3311 	3283 	3287
f 3312 	2444 	3310
f 2060 	3312 	2010
f 3299 	3309 	3255
f 3323 	3315 	3307
f 3312 	2060 	3308
f 3287 	3090 	3311
f 3308 	2343 	3312
f 2348 	2268 	3310
f 3148 	3311 	3090
f 3623 	3246 	3284
f 3310 	2268 	2008
f 3302 	3749 	3748
f 3309 	3313 	3117
f 3302 	3183 	3749
f 2268 	1988 	2008
f 4046 	64 	67
f 3310 	2444 	2453
f 3315 	3302 	3277
f 3302 	3315 	3323
f 3302 	3323 	3326
f 3302 	3326 	3189
f 3302 	3189 	3183
f 3294 	3301 	3621
f 3067 	3359 	3361
f 3277 	3307 	3315
f 3322 	3304 	3019
f 315 	3317 	194
f 3301 	3227 	3621
f 315 	92 	3317
f 2904 	3318 	2906
f 3318 	3343 	3316
f 3503 	3273 	3321
f 2218 	2221 	3291
f 3321 	3323 	3320
f 588 	3231 	3314
f 3314 	546 	589
f 3324 	2703 	3317
f 3325 	3290 	3375
f 3318 	3316 	2906
f 3287 	3283 	3319
f 3325 	2197 	3290
f 92 	3324 	3317
f 3322 	3303 	3304
f 3327 	2197 	3325
f 3341 	3337 	3322
f 3323 	3307 	3320
f 3288 	3341 	3322
f 119 	2703 	3324
f 3281 	3288 	3322
f 2197 	3327 	2179
f 3067 	3372 	3359
f 3318 	2904 	3328
f 2912 	3328 	2904
f 2912 	2918 	3328
f 2709 	2703 	119
f 3321 	3326 	3323
f 43 	41 	3267
f 2918 	3331 	3328
f 3067 	2890 	3287
f 41 	64 	3267
f 3338 	3014 	3333
f 3287 	3319 	3067
f 3322 	3334 	3303
f 2639 	3348 	3335
f 3269 	4051 	67
f 3334 	3330 	3303
f 3334 	3322 	3337
f 2879 	3362 	3331
f 3329 	3291 	2221
f 2879 	2885 	3362
f 3225 	3385 	3224
f 4051 	3269 	14
f 3362 	2885 	3338
f 4051 	14 	2627
f 3524 	3334 	3337
f 3340 	3206 	3245
f 4086 	2793 	14
f 3357 	3178 	3343
f 2577 	48 	43
f 2928 	3316 	3343
f 3245 	3344 	3340
f 3240 	3345 	3248
f 2771 	3306 	57
f 3345 	3344 	3248
f 3420 	3328 	3331
f 3240 	3349 	3345
f 3419 	3347 	3350
f 3349 	3352 	3345
f 3350 	3347 	1846
f 3353 	3130 	3351
f 3331 	3346 	3420
f 1846 	1847 	3350
f 3335 	3348 	3695
f 3362 	3428 	3346
f 3377 	3336 	3332
f 1859 	3354 	3350
f 3419 	3350 	3354
f 3354 	1859 	3356
f 3420 	3357 	3318
f 3349 	3241 	3355
f 3354 	3356 	3260
f 3420 	3318 	3328
f 3260 	3419 	3354
f 3357 	3343 	3318
f 3321 	1859 	3326
f 3369 	2650 	3372
f 3097 	3360 	3358
f 3321 	3356 	1859
f 3321 	3260 	3356
f 3176 	3192 	3357
f 1847 	1859 	3350
f 77 	82 	3306
f 3347 	1901 	1846
f 3360 	3364 	3353
f 3338 	3365 	3362
f 3364 	3130 	3353
f 3338 	3333 	3365
f 3339 	3336 	1927
f 3347 	3339 	1901
f 3097 	3364 	3360
f 3448 	3450 	3367
f 3365 	3333 	3367
f 3189 	3326 	1859
f 3319 	2650 	3369
f 3432 	3435 	3367
f 3067 	3319 	3369
f 3346 	3331 	3362
f 1859 	1850 	3189
f 3285 	3274 	3410
f 3369 	3372 	3067
f 3340 	3342 	3370
f 3343 	3178 	3181
f 719 	3447 	3373
f 370 	422 	3376
f 3181 	3121 	3379
f 3373 	687 	685
f 3290 	3291 	3375
f 687 	3373 	3380
f 3343 	3181 	3379
f 3378 	3325 	3375
f 3374 	1889 	3377
f 2928 	3343 	3379
f 3327 	3325 	3378
f 2650 	3386 	3359
f 3134 	3113 	370
f 2931 	2928 	3382
f 3381 	3371 	2882
f 687 	3380 	906
f 3134 	370 	3376
f 3386 	3361 	3359
f 3381 	3453 	3371
f 3389 	3376 	3384
f 3382 	2956 	2931
f 3380 	3383 	906
f 3256 	2956 	3382
f 3253 	3256 	3382
f 3379 	3121 	3382
f 3386 	3868 	3872
f 2928 	3379 	3382
f 3333 	3083 	3054
f 3225 	3400 	3385
f 3384 	3376 	3497
f 3427 	916 	3383
f 3333 	3014 	3083
f 3333 	3388 	3387
f 3018 	2993 	3388
f 3349 	3546 	3352
f 3383 	916 	913
f 3054 	3018 	3388
f 3546 	3548 	3352
f 3054 	3388 	3333
f 3377 	1927 	3336
f 3405 	3388 	3005
f 2993 	3005 	3388
f 3384 	3499 	3395
f 29 	3393 	22
f 3387 	3367 	3333
f 3389 	3384 	3395
f 3395 	3396 	3397
f 3374 	3398 	1917
f 3392 	3378 	3494
f 3393 	933 	19
f 3332 	3398 	3374
f 3386 	2639 	3335
f 2885 	3014 	3338
f 3378 	3375 	3494
f 19 	933 	926
f 3386 	3335 	3394
f 3392 	3327 	3378
f 3396 	3351 	3397
f 3078 	3397 	3129
f 3393 	19 	22
f 3374 	3377 	3332
f 3351 	3129 	3397
f 3400 	3225 	3392
f 3371 	3451 	3391
f 3219 	3526 	3399
f 3225 	3327 	3392
f 3078 	3395 	3397
f 3404 	3219 	3399
f 760 	752 	3393
f 3403 	3546 	3355
f 3451 	3371 	3453
f 32 	1045 	3393
f 3395 	3499 	3502
f 1917 	3407 	3381
f 3546 	3349 	3355
f 3406 	3408 	3399
f 32 	3393 	29
f 3502 	3396 	3395
f 3355 	3385 	3403
f 3226 	3408 	3405
f 3407 	3453 	3381
f 3502 	3506 	3396
f 3005 	3226 	3405
f 3385 	3400 	3403
f 1917 	3398 	3407
f 3405 	3408 	3406
f 926 	920 	3390
f 3275 	3409 	3274
f 3408 	3404 	3399
f 27 	926 	3390
f 3388 	3406 	3387
f 3410 	3274 	3409
f 27 	19 	926
f 3332 	3413 	3411
f 3413 	3414 	3411
f 3410 	3409 	3412
f 3406 	3388 	3405
f 3408 	3226 	3404
f 3201 	3416 	3202
f 3275 	3358 	3409
f 3226 	3219 	3404
f 3418 	3412 	3409
f 3416 	3419 	3202
f 3416 	3347 	3419
f 3418 	3409 	3358
f 3413 	3422 	3201
f 3172 	3173 	3420
f 3380 	3415 	3383
f 3421 	3417 	3488
f 3172 	3420 	3423
f 3358 	3360 	3418
f 3421 	3329 	3417
f 3418 	3360 	3425
f 3421 	3291 	3329
f 3423 	3420 	3424
f 3346 	3424 	3420
f 3373 	3445 	3380
f 3425 	3558 	3418
f 3424 	3346 	3426
f 3390 	916 	3427
f 3346 	3428 	3426
f 3375 	3291 	3421
f 3413 	3336 	3422
f 3426 	3192 	3424
f 40 	24 	3427
f 3413 	3332 	3336
f 3192 	3172 	3423
f 3423 	3424 	3192
f 3260 	3519 	3419
f 3360 	3353 	3425
f 3390 	3427 	24
f 3390 	24 	27
f 3230 	145 	139
f 3429 	3426 	3428
f 3285 	3410 	3474
f 3431 	3429 	3428
f 3427 	3383 	3415
f 3431 	3192 	3429
f 3362 	3365 	3428
f 3704 	3430 	3411
f 3427 	3415 	40
f 3196 	3433 	3591
f 3336 	3339 	3422
f 3164 	3433 	3196
f 3339 	3416 	3422
f 3367 	3387 	3432
f 3339 	3347 	3416
f 3428 	3365 	3437
f 3428 	3437 	3438
f 3414 	3704 	3411
f 3482 	3353 	3351
f 3433 	3164 	3199
f 3558 	3425 	3552
f 3436 	3439 	975
f 3450 	3437 	3365
f 3416 	3201 	3422
f 3439 	10 	3441
f 3199 	2973 	3045
f 3438 	3431 	3428
f 3351 	3396 	3482
f 3441 	975 	3439
f 3045 	3433 	3199
f 3440 	3585 	3045
f 3357 	3420 	3174
f 3173 	3174 	3420
f 3357 	3174 	3176
f 3433 	3045 	3585
f 3447 	3441 	3445
f 3045 	3049 	3440
f 3497 	3376 	422
f 3398 	3332 	3411
f 3448 	3367 	3435
f 3499 	3384 	3497
f 3205 	3449 	3211
f 3448 	3435 	3192
f 3438 	3437 	3192
f 3391 	3451 	3444
f 3365 	3367 	3450
f 3449 	3574 	3578
f 3211 	3449 	3452
f 3373 	3447 	3445
f 3192 	3426 	3429
f 3192 	3431 	3438
f 3435 	3463 	3192
f 3463 	3462 	3192
f 3205 	3196 	3449
f 3453 	3455 	3451
f 3506 	3482 	3396
f 3412 	3457 	3410
f 3456 	3454 	3250
f 3459 	3461 	3458
f 3398 	3430 	3407
f 3461 	3462 	3458
f 3430 	3453 	3407
f 3522 	3439 	3436
f 3463 	3432 	3462
f 3458 	3462 	3432
f 3452 	3460 	3247
f 3463 	3435 	3432
f 3250 	3193 	3462
f 3452 	3578 	3460
f 600 	648 	3436
f 3452 	3247 	3246
f 3406 	3458 	3432
f 3387 	3406 	3432
f 3411 	3430 	3398
f 3445 	3 	6
f 3776 	3076 	3464
f 3450 	3448 	3192
f 3193 	3192 	3462
f 3250 	3462 	3461
f 3250 	3461 	3459
f 3459 	3456 	3250
f 3454 	3471 	3250
f 3465 	3294 	3460
f 3467 	3469 	3468
f 244 	267 	3466
f 3341 	3527 	3337
f 3468 	3469 	3471
f 3468 	3472 	3467
f 3470 	3464 	3076
f 3473 	3466 	3630
f 3577 	3250 	3472
f 3473 	245 	3466
f 3294 	3247 	3460
f 619 	983 	620
f 245 	244 	3466
f 3471 	3399 	3468
f 3471 	3454 	3399
f 3474 	3527 	3341
f 3456 	3459 	3406
f 3458 	3406 	3459
f 3596 	3485 	3268
f 3470 	3666 	3464
f 3526 	3468 	3399
f 3268 	3465 	3596
f 3473 	3478 	3475
f 3473 	3630 	3478
f 3341 	3288 	3474
f 3666 	3477 	3464
f 3457 	3474 	3410
f 3456 	3406 	3454
f 3399 	3454 	3406
f 3471 	3469 	3250
f 3469 	3467 	3250
f 3467 	3472 	3250
f 3268 	3301 	3465
f 3076 	3077 	3470
f 3482 	3484 	3353
f 3487 	3480 	3479
f 660 	3485 	3596
f 261 	258 	3481
f 3488 	3487 	3479
f 2956 	3256 	3257
f 258 	3475 	3481
f 3257 	3259 	3492
f 3257 	3492 	2956
f 1045 	31 	3476
f 3000 	3490 	3080
f 3259 	3261 	3492
f 3490 	3486 	3470
f 3492 	3261 	3493
f 1045 	32 	31
f 3425 	3484 	3552
f 3493 	3249 	3492
f 3490 	3470 	3080
f 3425 	3353 	3484
f 3270 	3249 	3493
f 3495 	3380 	3496
f 460 	3497 	426
f 460 	674 	3497
f 3314 	589 	588
f 3487 	3488 	3417
f 660 	3489 	3485
f 426 	3497 	422
f 3309 	3314 	3313
f 3495 	3415 	3380
f 3483 	3500 	3564
f 3196 	3591 	3449
f 3496 	14 	3515
f 3501 	3939 	3238
f 3497 	3502 	3499
f 3496 	3445 	6
f 6 	14 	3496
f 3498 	3270 	3493
f 3939 	3276 	3238
f 3496 	3380 	3445
f 3505 	3243 	3238
f 3251 	3243 	3505
f 3503 	3618 	3273
f 3238 	3276 	3505
f 39 	3415 	3495
f 678 	3497 	674
f 3505 	3289 	3251
f 3502 	3539 	3506
f 3195 	3293 	3511
f 3507 	3510 	3679
f 3511 	3218 	3195
f 3514 	545 	3330
f 3495 	3496 	67
f 39 	3495 	67
f 3219 	3511 	3526
f 3334 	3514 	3330
f 3496 	3515 	67
f 3511 	3219 	3218
f 3334 	3524 	3514
f 3293 	3516 	3511
f 3201 	3533 	3513
f 40 	3415 	39
f 3201 	3202 	3533
f 3342 	3340 	3613
f 3201 	3513 	3413
f 3269 	67 	3515
f 3238 	3160 	3501
f 3419 	3519 	3520
f 3515 	14 	3269
f 3286 	3292 	3509
f 10 	5 	3441
f 3509 	3521 	3286
f 3532 	3340 	3344
f 3557 	3520 	3519
f 3520 	3202 	3419
f 3534 	3344 	3345
f 10 	3522 	11
f 3520 	3533 	3202
f 3439 	3522 	10
f 3321 	3320 	3610
f 3483 	3272 	3500
f 3522 	659 	11
f 3610 	3503 	3321
f 3272 	3271 	3500
f 3522 	648 	659
f 3512 	3501 	3160
f 3522 	3436 	648
f 3368 	3523 	3366
f 3483 	3509 	3272
f 3524 	586 	3514
f 3618 	3519 	3273
f 3525 	3163 	3162
f 3528 	586 	3524
f 3525 	3162 	2997
f 3 	3445 	3441
f 3368 	3370 	3523
f 3217 	3163 	3525
f 3524 	3337 	3527
f 3 	3441 	5
f 3105 	3525 	2997
f 3342 	3523 	3370
f 3516 	3529 	3511
f 3527 	3528 	3524
f 2922 	3537 	3590
f 3537 	3744 	3590
f 3613 	3614 	3342
f 3286 	3531 	3516
f 3513 	3625 	3530
f 3531 	3529 	3516
f 3613 	3340 	3532
f 3521 	3531 	3286
f 3521 	3540 	3531
f 3541 	3531 	3540
f 3534 	3532 	3344
f 3509 	3483 	3521
f 3528 	3527 	3474
f 3474 	3457 	3517
f 3521 	3483 	3545
f 3545 	3540 	3521
f 3534 	3644 	3532
f 3517 	719 	3528
f 3535 	2968 	2958
f 2968 	3535 	3536
f 3517 	3528 	3474
f 2968 	3536 	3537
f 3534 	3345 	3352
f 3619 	3534 	3352
f 3702 	3536 	3535
f 1066 	3539 	1064
f 3543 	3544 	3545
f 1066 	3586 	3539
f 3545 	3547 	3543
f 2968 	3537 	2922
f 3482 	3549 	3484
f 3545 	3483 	3551
f 3545 	3551 	3547
f 3549 	3552 	3484
f 3483 	3553 	3551
f 3542 	3530 	3627
f 3544 	3540 	3545
f 3418 	3555 	3412
f 3555 	3457 	3412
f 3264 	3493 	3261
f 3507 	3546 	3403
f 3493 	3264 	3265
f 3519 	3618 	3557
f 3560 	3493 	3265
f 3558 	3555 	3418
f 3498 	3561 	3562
f 3558 	3592 	3555
f 3546 	3507 	3548
f 3564 	3498 	3563
f 3562 	3563 	3498
f 3508 	3548 	3507
f 3563 	3565 	3564
f 3565 	3567 	3564
f 3483 	3564 	3553
f 3567 	3553 	3564
f 3552 	3593 	3558
f 3618 	3481 	3557
f 3593 	3592 	3558
f 3561 	3498 	3560
f 3493 	3560 	3498
f 3500 	3504 	3564
f 3504 	3498 	3564
f 3482 	3506 	3549
f 3490 	3000 	3571
f 3566 	3679 	3510
f 3491 	3307 	3570
f 3569 	2376 	2330
f 3237 	3489 	3021
f 3491 	3320 	3307
f 3538 	3541 	3250
f 3541 	3540 	3250
f 3540 	3544 	3250
f 3544 	3543 	3250
f 3543 	3547 	3250
f 3547 	3551 	3250
f 3551 	3553 	3250
f 3553 	3567 	3250
f 3567 	3565 	3250
f 3563 	3250 	3565
f 3563 	3562 	3250
f 3561 	3250 	3562
f 3560 	3250 	3561
f 3265 	3250 	3560
f 3502 	3497 	678
f 3572 	3486 	3490
f 3570 	3573 	3491
f 3511 	3575 	3526
f 3506 	3586 	3549
f 3571 	3572 	3490
f 3575 	3468 	3526
f 3570 	3277 	3279
f 3575 	3576 	3577
f 3575 	3577 	3468
f 3502 	678 	3539
f 3016 	3579 	3000
f 3577 	3472 	3468
f 3452 	3449 	3578
f 3511 	3529 	3575
f 3449 	3591 	3574
f 3580 	3575 	3529
f 3576 	3575 	3580
f 2330 	3581 	3569
f 3506 	3539 	3586
f 3529 	3531 	3582
f 3582 	3531 	3538
f 678 	1064 	3539
f 3529 	3582 	3583
f 3579 	3571 	3000
f 3531 	3541 	3538
f 3581 	2330 	2333
f 1066 	1059 	3586
f 3529 	3583 	3580
f 2333 	2342 	3581
f 3587 	3552 	3549
f 3577 	3576 	3250
f 3580 	3250 	3576
f 3580 	3583 	3250
f 3582 	3250 	3583
f 3582 	3538 	3250
f 3586 	3587 	3549
f 3588 	3279 	3948
f 3591 	3433 	3585
f 3486 	3589 	3470
f 3948 	3584 	3588
f 3590 	2236 	2277
f 3589 	3486 	3572
f 3574 	3591 	3676
f 3590 	3550 	3581
f 3574 	3676 	3655
f 3590 	3744 	3550
f 2342 	3590 	3581
f 3599 	3592 	3593
f 3590 	2342 	2341
f 3593 	3552 	3587
f 3460 	3594 	3465
f 3594 	799 	3596
f 660 	3596 	799
f 3594 	809 	799
f 3320 	3491 	3610
f 3594 	3596 	3465
f 3570 	3279 	3588
f 600 	3599 	3597
f 600 	3436 	3599
f 660 	430 	3489
f 1059 	3587 	3586
f 3605 	2376 	3595
f 3441 	3447 	3517
f 2376 	3568 	3595
f 3555 	3600 	3457
f 3581 	3601 	3569
f 3600 	3517 	3457
f 3517 	3600 	975
f 3581 	3559 	3601
f 975 	3441 	3517
f 3555 	3592 	3600
f 3598 	3602 	3680
f 3602 	3598 	3710
f 109 	1362 	3603
f 3599 	3436 	3592
f 3715 	3602 	3710
f 3464 	3477 	3401
f 3600 	3592 	3436
f 3604 	3680 	3602
f 3436 	975 	3600
f 3402 	3464 	3401
f 3568 	3569 	3668
f 3587 	3597 	3593
f 3601 	3668 	3569
f 3597 	3599 	3593
f 2351 	3605 	2353
f 1059 	3597 	3587
f 2366 	2353 	3605
f 3606 	2366 	3605
f 719 	715 	3528
f 3517 	3447 	719
f 3595 	3606 	3605
f 2751 	3607 	2301
f 101 	3188 	3166
f 3739 	3491 	3573
f 3607 	3608 	2301
f 3624 	3609 	3434
f 2751 	2369 	3607
f 3611 	3607 	2369
f 3510 	3400 	3566
f 3400 	3392 	3566
f 3611 	3608 	3607
f 3403 	3510 	3507
f 3464 	3402 	3776
f 3400 	3510 	3403
f 3610 	3612 	3503
f 3612 	3618 	3503
f 2366 	3615 	2369
f 3615 	3611 	2369
f 3617 	3622 	3657
f 3613 	3532 	3642
f 3726 	3616 	3609
f 3209 	3617 	3213
f 3606 	3615 	2366
f 3619 	3644 	3534
f 1103 	3620 	3196
f 3532 	3644 	3642
f 3475 	3557 	3481
f 3617 	3215 	3213
f 3475 	3478 	3557
f 3619 	3352 	3548
f 2376 	3569 	3568
f 3294 	3621 	3623
f 3038 	3622 	3209
f 3618 	3824 	261
f 3622 	3659 	3657
f 261 	3481 	3618
f 96 	3623 	3621
f 3622 	3617 	3209
f 3608 	2763 	2301
f 3342 	3614 	3523
f 3625 	3627 	3530
f 3622 	3626 	3659
f 3608 	3682 	3095
f 3038 	3626 	3622
f 3630 	3625 	3513
f 3263 	3296 	3626
f 3205 	1103 	3196
f 3633 	3363 	3366
f 3284 	3294 	3623
f 3717 	1797 	1815
f 3630 	3533 	3478
f 3628 	3363 	3633
f 3630 	3513 	3533
f 3166 	3620 	4224
f 1103 	4224 	3620
f 2121 	2120 	3634
f 3628 	3633 	3629
f 3542 	3639 	3701
f 3632 	3629 	3633
f 3523 	3632 	3633
f 3624 	3434 	3635
f 3627 	3639 	3542
f 3636 	3632 	3523
f 3478 	3520 	3557
f 3533 	3520 	3478
f 3614 	3640 	3636
f 3366 	3523 	3633
f 3614 	3636 	3523
f 1103 	3205 	4243
f 3625 	267 	3627
f 3606 	3641 	3615
f 3222 	3215 	3637
f 3638 	3615 	3641
f 3613 	3640 	3614
f 3639 	268 	295
f 268 	3639 	3627
f 4243 	3205 	3211
f 268 	3627 	267
f 3671 	3641 	3606
f 3637 	3242 	3222
f 3630 	3466 	3625
f 115 	3182 	3188
f 267 	3625 	3466
f 3642 	3640 	3613
f 3643 	3215 	3617
f 3188 	101 	115
f 3671 	3606 	3595
f 3643 	3637 	3215
f 3741 	3642 	3644
f 3738 	3642 	3741
f 294 	314 	3645
f 3548 	3648 	3619
f 3701 	3649 	3631
f 3648 	3644 	3619
f 3650 	3122 	3123
f 3631 	3649 	3645
f 294 	3645 	3649
f 3548 	3508 	3648
f 360 	3113 	3651
f 3701 	3639 	3649
f 3647 	3095 	3682
f 3636 	3652 	3632
f 3591 	3585 	3676
f 3651 	3244 	3646
f 3673 	3714 	3635
f 3636 	3640 	3652
f 3651 	3116 	3244
f 3639 	295 	3649
f 3440 	3049 	3122
f 3581 	3550 	3559
f 876 	841 	3650
f 3609 	3442 	3434
f 3653 	3863 	3864
f 3113 	3116 	3651
f 876 	3650 	633
f 3654 	299 	166
f 3660 	3574 	3655
f 3578 	3574 	3660
f 3629 	3632 	3656
f 166 	3681 	3654
f 3616 	3442 	3609
f 3659 	1912 	3657
f 3652 	3763 	3656
f 3652 	3656 	3632
f 3442 	3616 	3687
f 3655 	845 	814
f 3658 	206 	204
f 3763 	3652 	4066
f 3629 	3656 	3758
f 3667 	3578 	3660
f 204 	3840 	3658
f 3508 	3661 	3648
f 3660 	3655 	814
f 3663 	3664 	3508
f 3446 	3348 	2639
f 3568 	3665 	3595
f 3507 	3663 	3508
f 827 	3660 	814
f 3667 	3460 	3578
f 3667 	3594 	3460
f 3568 	3668 	3665
f 3668 	3554 	3665
f 3667 	827 	809
f 3668 	3556 	3554
f 299 	3654 	3669
f 308 	303 	3669
f 3667 	3660 	827
f 3672 	3641 	3671
f 3139 	633 	3650
f 3123 	3139 	3650
f 3617 	3657 	3705
f 3650 	841 	3674
f 3673 	3401 	3477
f 3650 	3674 	3676
f 3671 	3888 	3672
f 3584 	3675 	3588
f 841 	845 	3674
f 3677 	3678 	3670
f 3673 	3477 	3666
f 3650 	3676 	3122
f 3888 	3665 	3554
f 3584 	3662 	3675
f 3655 	3674 	845
f 3665 	3888 	3671
f 3676 	3585 	3440
f 1912 	1922 	3657
f 3573 	3675 	3747
f 3595 	3665 	3671
f 3122 	3676 	3440
f 3663 	3679 	3677
f 3679 	3678 	3677
f 3675 	3573 	3570
f 3609 	3624 	3723
f 3674 	3655 	3676
f 3747 	3739 	3573
f 3556 	3668 	3601
f 3507 	3679 	3663
f 3675 	3570 	3588
f 3559 	3556 	3601
f 3680 	3654 	3681
f 3682 	3608 	3653
f 3680 	3669 	3654
f 3864 	3682 	3653
f 3667 	809 	3594
f 3680 	3692 	308
f 3661 	3508 	3664
f 3608 	3611 	3870
f 3870 	3653 	3608
f 308 	3669 	3680
f 3611 	3615 	3638
f 3638 	3870 	3611
f 3680 	3681 	3598
f 3864 	3647 	3682
f 3969 	3681 	136
f 3446 	3687 	3700
f 3689 	1577 	1572
f 3969 	3598 	3681
f 3685 	3242 	3637
f 3691 	3688 	3690
f 308 	3692 	314
f 3692 	3645 	314
f 2163 	1577 	3689
f 3685 	3637 	3683
f 3691 	3690 	3535
f 3692 	3680 	3604
f 1919 	2121 	3705
f 3634 	3705 	2121
f 3696 	3693 	3494
f 1588 	3694 	2027
f 3494 	3375 	3696
f 3348 	3446 	3700
f 3690 	3688 	3698
f 3692 	3631 	3645
f 3678 	3693 	3670
f 3705 	3657 	1919
f 3566 	3678 	3679
f 3694 	1588 	1583
f 3566 	3392 	3678
f 1922 	1919 	3657
f 1778 	1657 	2485
f 3693 	3678 	3392
f 1778 	2485 	2264
f 3392 	3494 	3693
f 3513 	3530 	3414
f 3691 	3535 	2927
f 3542 	3414 	3530
f 3699 	3705 	3634
f 3414 	3413 	3513
f 3348 	3697 	3695
f 3634 	3683 	3699
f 3696 	3684 	3686
f 3643 	3699 	3637
f 3348 	3700 	3697
f 3696 	3421 	3684
f 3690 	3698 	3702
f 3375 	3421 	3696
f 3698 	3703 	3702
f 1596 	2454 	2261
f 3704 	3701 	3430
f 1596 	2027 	2459
f 3690 	3702 	3535
f 3726 	3687 	3616
f 3704 	3414 	3542
f 3542 	3701 	3704
f 3702 	3779 	3744
f 2298 	2633 	2630
f 3975 	3706 	3707
f 2298 	2630 	2368
f 3659 	3755 	1912
f 3707 	3709 	3975
f 3479 	3480 	3709
f 3742 	4013 	3394
f 3705 	3643 	3617
f 3709 	3707 	3479
f 3711 	2288 	2593
f 3394 	3335 	3742
f 2245 	2593 	2288
f 3705 	3699 	3643
f 3715 	3604 	3602
f 3702 	3703 	3779
f 3673 	3666 	3714
f 3444 	3715 	3443
f 3716 	1906 	3711
f 3637 	3699 	3683
f 3714 	3666 	3713
f 3715 	3719 	3604
f 3624 	3635 	3714
f 3718 	3488 	3479
f 3715 	3710 	3443
f 3716 	3720 	1906
f 3479 	3707 	3718
f 1906 	3720 	1918
f 3692 	3604 	3719
f 2209 	3689 	1923
f 3722 	215 	360
f 3684 	3488 	3718
f 1923 	3720 	2209
f 3444 	3451 	3715
f 217 	222 	371
f 3455 	3719 	3715
f 3729 	3686 	3718
f 3720 	1923 	1918
f 3455 	3725 	3719
f 3723 	3624 	3714
f 3451 	3455 	3715
f 2056 	2050 	2368
f 3453 	3725 	3455
f 2050 	2298 	2368
f 3470 	3759 	3666
f 3826 	3163 	3217
f 3725 	3692 	3719
f 3720 	2113 	2209
f 3701 	3453 	3430
f 217 	371 	360
f 3701 	3725 	3453
f 3717 	3722 	3646
f 3726 	3735 	3687
f 3629 	3758 	3724
f 3701 	3631 	3725
f 3421 	3488 	3684
f 3631 	3692 	3725
f 3722 	360 	3651
f 3646 	3722 	3651
f 3718 	3686 	3684
f 3711 	2593 	3716
f 3727 	3183 	1850
f 3244 	3717 	3646
f 3702 	3744 	3536
f 3717 	3685 	2120
f 3726 	3609 	3753
f 3685 	3717 	3242
f 3244 	3242 	3717
f 3728 	3729 	3718
f 3718 	3707 	3728
f 1815 	215 	3717
f 2681 	3730 	2680
f 1973 	2604 	2245
f 3722 	3717 	215
f 3777 	3686 	3729
f 3700 	3735 	3697
f 362 	371 	222
f 4094 	3781 	3686
f 3733 	3658 	3840
f 3700 	3687 	3735
f 222 	397 	362
f 3733 	3662 	3658
f 222 	301 	397
f 3652 	3640 	3736
f 3642 	3738 	3640
f 2685 	2680 	3730
f 3738 	3736 	3640
f 3634 	2120 	3685
f 3730 	3751 	3740
f 3731 	3697 	3735
f 3740 	2685 	3730
f 3634 	3685 	3683
f 360 	215 	2142
f 3741 	3644 	4056
f 2142 	217 	360
f 3824 	3610 	3819
f 3556 	3559 	3732
f 3610 	3491 	3739
f 3610 	3739 	3819
f 3743 	2006 	3789
f 3766 	3789 	2006
f 1850 	2850 	3727
f 3335 	3695 	3742
f 3537 	3536 	3744
f 3733 	3745 	3675
f 3731 	3742 	3697
f 3742 	3695 	3697
f 3744 	3712 	3559
f 2673 	2685 	3727
f 3807 	3712 	3744
f 3733 	3675 	3662
f 3746 	185 	138
f 3744 	3559 	3550
f 2685 	3740 	3727
f 2214 	3743 	3746
f 3708 	3732 	3559
f 144 	3746 	3743
f 3747 	3827 	3739
f 3743 	2214 	2075
f 3747 	3860 	3827
f 2047 	3746 	138
f 3749 	3727 	3748
f 3750 	3554 	3556
f 3610 	3824 	3612
f 3618 	3612 	3824
f 3732 	3750 	3556
f 3745 	3860 	3747
f 3730 	3734 	3751
f 493 	3775 	3766
f 3713 	3752 	3714
f 3747 	3675 	3745
f 3768 	3775 	493
f 3755 	3659 	3768
f 3158 	3835 	3311
f 138 	133 	2047
f 3753 	3714 	3752
f 2349 	2047 	133
f 3609 	3723 	3753
f 3734 	3754 	3751
f 3756 	3849 	3883
f 3767 	3724 	3758
f 3756 	3737 	3853
f 3853 	3849 	3756
f 2006 	1991 	3766
f 3470 	3589 	3759
f 3743 	3782 	144
f 3757 	3754 	3734
f 3735 	3761 	3731
f 3737 	3760 	3858
f 3841 	3754 	3757
f 3853 	3737 	3858
f 3782 	3743 	3789
f 3761 	3735 	3726
f 3554 	3750 	3760
f 3656 	3763 	3758
f 3768 	493 	1968
f 3708 	3559 	3712
f 2598 	3232 	3821
f 3688 	593 	3698
f 3761 	3805 	3731
f 588 	601 	3233
f 4070 	3765 	3763
f 601 	613 	3688
f 3758 	3763 	3767
f 3666 	3759 	3713
f 3765 	3767 	3763
f 3751 	3817 	3740
f 601 	3688 	3233
f 3233 	3688 	3127
f 1968 	3755 	3768
f 3751 	3815 	3817
f 3688 	613 	593
f 3723 	3714 	3753
f 3698 	593 	3703
f 3748 	3740 	3817
f 3752 	3770 	3753
f 3749 	3183 	3727
f 3996 	3434 	3442
f 3765 	3769 	3767
f 3740 	3748 	3727
f 3770 	3783 	3753
f 3734 	3730 	2681
f 3757 	3773 	3764
f 3708 	3784 	3772
f 3402 	3778 	3776
f 3774 	3771 	3589
f 3402 	3401 	3778
f 3775 	3768 	3296
f 2692 	3773 	3757
f 153 	3766 	3775
f 2681 	2692 	3734
f 3778 	3401 	3944
f 3759 	3589 	3771
f 3757 	3734 	2692
f 480 	153 	3775
f 3771 	3713 	3759
f 3775 	3804 	480
f 3771 	3752 	3713
f 4093 	3686 	3777
f 238 	237 	3635
f 3703 	618 	3779
f 4039 	3693 	3780
f 3673 	3635 	237
f 3703 	593 	618
f 3626 	3296 	3768
f 3635 	3434 	238
f 3996 	238 	3434
f 4062 	3770 	3752
f 3770 	4067 	3783
f 3781 	3780 	3696
f 3696 	3780 	3693
f 3708 	3785 	3784
f 3696 	3686 	3781
f 3706 	3786 	3707
f 3726 	3753 	3783
f 3797 	251 	258
f 3786 	3788 	3707
f 3728 	3707 	3788
f 3800 	3728 	3788
f 3791 	3806 	3811
f 3789 	474 	3782
f 3731 	3805 	3796
f 3791 	3824 	3806
f 3830 	3832 	3786
f 3626 	3768 	3659
f 252 	3795 	248
f 3792 	3988 	3793
f 153 	3789 	3766
f 3830 	3786 	3706
f 3795 	3885 	248
f 3295 	3794 	3279
f 3804 	3775 	3296
f 3296 	3303 	3804
f 3731 	3796 	3742
f 3797 	252 	251
f 3794 	3948 	3279
f 3797 	3799 	252
f 3792 	3772 	3784
f 3799 	3795 	252
f 3796 	3813 	3742
f 186 	3795 	3799
f 3995 	3793 	3988
f 186 	285 	3795
f 3789 	153 	474
f 3797 	3803 	3799
f 3995 	3787 	3793
f 3803 	188 	3799
f 3803 	192 	188
f 3798 	3805 	4071
f 198 	3806 	196
f 3798 	3796 	3805
f 3303 	3330 	3804
f 545 	480 	3804
f 3744 	3779 	3807
f 3803 	3811 	198
f 3330 	545 	3804
f 3803 	3812 	3811
f 3805 	3761 	3790
f 3779 	618 	3807
f 3790 	3761 	3783
f 3810 	3302 	3808
f 3802 	3809 	3800
f 618 	1109 	3807
f 3803 	198 	192
f 3810 	3278 	3302
f 3712 	3785 	3708
f 3783 	3761 	3726
f 3302 	3748 	3808
f 3803 	3797 	3812
f 3785 	3712 	3807
f 3797 	258 	3812
f 3842 	4104 	3800
f 3807 	1094 	3785
f 3796 	3798 	3813
f 3791 	3812 	261
f 1109 	1108 	3807
f 3802 	3800 	3786
f 3812 	258 	261
f 3807 	1108 	1094
f 3791 	3811 	3812
f 3742 	3813 	4037
f 3788 	3786 	3800
f 3815 	3814 	3817
f 3816 	3826 	3818
f 3729 	3728 	3800
f 3729 	3800 	3777
f 3806 	198 	3811
f 3818 	3820 	3816
f 3822 	3819 	3739
f 3748 	3817 	3821
f 3821 	3808 	3748
f 3817 	3814 	3821
f 3863 	3818 	3721
f 3739 	3827 	3822
f 3518 	3816 	3971
f 3816 	3518 	3826
f 3827 	3828 	3822
f 3518 	3512 	3826
f 2575 	3851 	3831
f 3998 	3823 	3830
f 3818 	3826 	3721
f 3834 	3833 	3818
f 3831 	3825 	1511
f 3833 	3820 	3818
f 3751 	3754 	3829
f 3831 	3852 	3825
f 3857 	1531 	3825
f 3832 	3802 	3786
f 3823 	3309 	3832
f 2542 	2552 	3836
f 3823 	3832 	3830
f 3835 	3829 	3754
f 3824 	3791 	261
f 3833 	3834 	3838
f 3837 	3851 	2575
f 3840 	568 	3839
f 110 	3844 	3839
f 110 	3846 	3844
f 3800 	4098 	4101
f 3826 	3512 	3160
f 3835 	3754 	3841
f 565 	112 	3839
f 565 	3839 	568
f 3845 	2552 	2550
f 3217 	3721 	3826
f 3809 	3842 	3800
f 3839 	3844 	3840
f 3841 	3843 	3835
f 3732 	3772 	3750
f 2550 	2566 	3845
f 3732 	3708 	3772
f 3845 	3836 	2552
f 110 	3848 	3846
f 3847 	3841 	3757
f 3842 	4106 	4104
f 3849 	3838 	3834
f 3846 	3733 	3844
f 3847 	3757 	3764
f 3843 	3841 	3847
f 3852 	3831 	3851
f 2678 	3854 	3850
f 3851 	3879 	3852
f 3844 	3733 	3840
f 3856 	3855 	3764
f 3847 	3764 	3855
f 3733 	3846 	3859
f 3850 	2682 	2678
f 3825 	3852 	3857
f 3859 	3745 	3733
f 3853 	3858 	3787
f 3859 	3846 	3848
f 3899 	3922 	3856
f 3848 	3860 	3859
f 3828 	3860 	3848
f 3751 	3829 	3815
f 3858 	3792 	3793
f 3860 	3828 	3827
f 3837 	3881 	3851
f 3858 	3760 	3792
f 2883 	2584 	3861
f 3760 	3750 	3772
f 3745 	3859 	3860
f 3772 	3792 	3760
f 3793 	3787 	3858
f 3864 	3863 	3721
f 2689 	3880 	3886
f 3880 	2689 	2682
f 3862 	3855 	3856
f 3857 	3895 	3861
f 3873 	3818 	3863
f 3867 	3874 	277
f 3721 	3217 	3864
f 277 	275 	3867
f 2138 	3212 	3866
f 3867 	275 	196
f 196 	3806 	3867
f 2138 	3869 	2131
f 3653 	3870 	3873
f 2900 	3906 	2903
f 3866 	3865 	3869
f 3873 	3863 	3653
f 3874 	3867 	3891
f 3869 	2138 	3866
f 3873 	3870 	3834
f 3865 	3363 	3928
f 3845 	2566 	3876
f 3834 	3818 	3873
f 3865 	3866 	3280
f 3280 	3866 	3212
f 3828 	278 	3874
f 3280 	3363 	3865
f 3870 	3883 	3849
f 3295 	3278 	3877
f 3849 	3834 	3870
f 3878 	278 	3828
f 3865 	3928 	3926
f 3864 	3217 	3525
f 3865 	3850 	3854
f 273 	3878 	93
f 3865 	3854 	3869
f 3647 	3864 	3099
f 3848 	93 	3878
f 3851 	3881 	3879
f 3882 	323 	280
f 280 	281 	3882
f 3864 	3525 	3099
f 2682 	3850 	3880
f 281 	375 	3882
f 3641 	3883 	3638
f 3883 	3870 	3638
f 3884 	3857 	3852
f 3883 	3641 	3672
f 3852 	3879 	3884
f 3879 	3887 	3884
f 3672 	3756 	3883
f 3885 	283 	323
f 283 	280 	323
f 3737 	3672 	3888
f 3880 	3909 	3886
f 3814 	2598 	3821
f 244 	248 	3885
f 3672 	3737 	3756
f 3016 	2883 	3949
f 3885 	395 	283
f 3888 	3760 	3737
f 2907 	2894 	3889
f 3016 	3949 	3579
f 3760 	3888 	3554
f 3795 	285 	3885
f 285 	395 	3885
f 3861 	3890 	2883
f 3819 	3891 	3867
f 3819 	3822 	3891
f 3806 	3824 	3867
f 3824 	3819 	3867
f 3837 	3836 	3911
f 3886 	2935 	2937
f 3871 	3386 	3872
f 3924 	3881 	3911
f 3882 	375 	152
f 3896 	3893 	330
f 3861 	3895 	3890
f 3874 	3891 	3828
f 3933 	3847 	3855
f 3822 	3828 	3891
f 3897 	2907 	3889
f 3895 	3857 	3884
f 3896 	330 	3898
f 328 	3898 	330
f 2916 	2907 	3897
f 328 	325 	3898
f 3311 	3835 	3843
f 2914 	2916 	3897
f 3878 	3828 	3848
f 3884 	3887 	3895
f 3894 	2914 	3897
f 289 	93 	107
f 289 	290 	93
f 3920 	2950 	3900
f 3899 	3856 	3764
f 2881 	3901 	2876
f 3902 	3899 	3900
f 2881 	3894 	3901
f 3276 	3903 	3110
f 3900 	3899 	3920
f 434 	3110 	3903
f 3329 	2221 	3919
f 3906 	3875 	2903
f 3901 	3919 	2221
f 3901 	2221 	2876
f 3906 	3905 	3875
f 3850 	3925 	3880
f 3880 	3925 	3909
f 3908 	3902 	3900
f 2900 	3067 	3906
f 3907 	3902 	3908
f 3908 	3900 	2950
f 3893 	3947 	3892
f 3908 	3914 	3907
f 3907 	3914 	3912
f 3881 	3837 	3911
f 2894 	2935 	3913
f 3915 	3912 	3914
f 3905 	3876 	3875
f 3845 	3904 	3836
f 3913 	2935 	3886
f 3916 	3912 	3915
f 3911 	3836 	3904
f 3391 	3444 	3912
f 3391 	3912 	3916
f 3889 	2894 	3913
f 2950 	2870 	3908
f 3910 	3889 	3913
f 2870 	3914 	3908
f 3845 	3876 	3904
f 2875 	3915 	2870
f 3913 	3886 	3909
f 3904 	3876 	3905
f 3915 	3914 	2870
f 2875 	3916 	3915
f 3897 	3889 	3917
f 3924 	3879 	3881
f 3917 	3889 	3910
f 3371 	3391 	3916
f 3919 	3901 	3894
f 3773 	2889 	3899
f 3941 	434 	3903
f 2889 	3920 	3899
f 3773 	2932 	2889
f 3773 	2692 	2932
f 3773 	3899 	3764
f 3927 	3905 	3906
f 2899 	2950 	3920
f 3927 	3906 	3929
f 3897 	3917 	3894
f 3922 	3862 	3856
f 3922 	3868 	3862
f 3922 	3872 	3868
f 3902 	3922 	3899
f 3979 	3872 	3922
f 3926 	3925 	3850
f 3417 	3329 	3919
f 3487 	3417 	3919
f 3902 	3907 	3922
f 3443 	3710 	3923
f 3912 	3923 	3907
f 3979 	3922 	3923
f 3918 	3911 	3904
f 3923 	3922 	3907
f 3518 	3971 	3921
f 3918 	3924 	3911
f 3923 	3912 	3443
f 325 	3931 	3898
f 3444 	3443 	3912
f 3974 	3879 	3924
f 3158 	3829 	3835
f 3158 	3815 	3829
f 3814 	3158 	2598
f 3936 	3909 	3934
f 3815 	3158 	3814
f 3821 	3232 	3808
f 3232 	3810 	3808
f 3877 	3810 	3232
f 3232 	3762 	3877
f 3921 	3931 	3512
f 3847 	3283 	3843
f 3628 	3928 	3363
f 3932 	3930 	3929
f 3850 	3865 	3926
f 3929 	3906 	3932
f 3932 	3906 	3067
f 3925 	3934 	3909
f 3319 	3847 	3933
f 3903 	3939 	3941
f 3762 	3295 	3877
f 3935 	3932 	3937
f 3512 	3931 	3501
f 3931 	3941 	3501
f 3512 	3518 	3921
f 3295 	2959 	2981
f 3917 	3910 	3938
f 2959 	3295 	3762
f 2981 	3076 	3801
f 3067 	3937 	3932
f 3801 	3794 	2981
f 3910 	3913 	3936
f 3794 	3295 	2981
f 3801 	3076 	3776
f 2639 	3386 	3871
f 3931 	325 	3941
f 2639 	3871 	3446
f 3936 	3913 	3909
f 3855 	3862 	3933
f 3910 	3936 	3943
f 3927 	3929 	3930
f 3939 	3903 	3276
f 3919 	3894 	3940
f 3894 	3917 	3940
f 3940 	3917 	3938
f 3862 	3868 	3386
f 2650 	3862 	3386
f 3319 	3933 	2650
f 3933 	3862 	2650
f 3283 	3847 	3319
f 3956 	3953 	3890
f 3501 	3941 	3939
f 3311 	3843 	3283
f 3934 	3942 	3936
f 3956 	3890 	3895
f 3778 	3954 	3776
f 3942 	3943 	3936
f 3778 	3944 	3954
f 3945 	3978 	3904
f 3938 	3910 	3943
f 3905 	3945 	3904
f 3943 	3952 	3938
f 3905 	3927 	3945
f 3926 	3928 	3946
f 3946 	3928 	3628
f 3893 	3896 	3950
f 3946 	3925 	3926
f 3946 	3628 	3629
f 3893 	3950 	3947
f 3950 	3896 	3898
f 3948 	3951 	3584
f 3963 	3934 	3946
f 3776 	3954 	3801
f 3934 	3963 	3942
f 3794 	3801 	3948
f 3951 	3948 	3801
f 3934 	3925 	3946
f 3579 	3949 	3962
f 3801 	3954 	3951
f 3898 	3931 	3950
f 2883 	3890 	3949
f 3955 	3940 	3938
f 3890 	3953 	3949
f 3950 	3931 	3921
f 3955 	3938 	3952
f 3954 	3944 	3957
f 3480 	3940 	3955
f 3480 	3487 	3919
f 3950 	3921 	3965
f 3951 	3954 	3964
f 3958 	3964 	3954
f 3919 	3940 	3480
f 3954 	3957 	3958
f 3709 	3480 	3955
f 3957 	3944 	3958
f 3895 	3887 	3956
f 206 	3958 	200
f 631 	3959 	751
f 3977 	183 	3958
f 631 	3892 	3959
f 3892 	3947 	3959
f 3959 	753 	751
f 183 	200 	3958
f 3662 	3584 	3961
f 3960 	3946 	3629
f 3947 	817 	753
f 3961 	3658 	3662
f 3962 	3572 	3571
f 3959 	3947 	753
f 3951 	3961 	3584
f 3724 	3960 	3629
f 3964 	3961 	3951
f 206 	3658 	3961
f 3947 	823 	817
f 3964 	206 	3961
f 3964 	3958 	206
f 791 	3947 	3950
f 3579 	3962 	3571
f 3965 	791 	3950
f 3960 	3963 	3946
f 3947 	791 	823
f 3971 	3965 	3921
f 791 	3965 	4003
f 3999 	3949 	3953
f 3971 	4003 	3965
f 3985 	3967 	3966
f 3996 	3598 	3969
f 3673 	237 	3970
f 4000 	3953 	3956
f 3966 	3943 	3942
f 3998 	3972 	3967
f 3999 	3953 	4000
f 136 	173 	3970
f 3887 	3968 	3956
f 3966 	3972 	3952
f 136 	3970 	3969
f 3887 	3980 	3968
f 3967 	3972 	3966
f 3966 	3952 	3943
f 3972 	3706 	3975
f 3976 	3974 	3924
f 3970 	173 	183
f 3924 	3918 	3976
f 3944 	3401 	3977
f 3972 	3975 	3952
f 3918 	3978 	3976
f 3958 	3944 	3977
f 3955 	3952 	3975
f 3977 	3673 	3970
f 3973 	3982 	4010
f 3977 	3970 	183
f 3709 	3955 	3975
f 3904 	3978 	3918
f 3872 	3979 	3871
f 3974 	3980 	3887
f 3942 	3963 	3985
f 3963 	3981 	3985
f 3974 	3887 	3879
f 1092 	3784 	3785
f 3974 	3987 	3980
f 3785 	1094 	1092
f 3981 	3960 	3724
f 3981 	3963 	3960
f 3968 	3980 	3989
f 3984 	4011 	3982
f 3985 	3966 	3942
f 4043 	3976 	3978
f 3979 	3983 	3871
f 3986 	3981 	3724
f 3724 	3767 	3986
f 3987 	3989 	3980
f 3986 	3767 	3769
f 3990 	3988 	3792
f 3990 	1115 	3988
f 3974 	3991 	3987
f 3986 	3992 	3981
f 3992 	3985 	3981
f 3992 	3967 	3985
f 3769 	3992 	3986
f 3990 	3792 	3784
f 3991 	3976 	4043
f 3992 	3994 	3967
f 3974 	3976 	3991
f 3992 	4002 	3994
f 3995 	3984 	3787
f 3995 	1208 	3984
f 3996 	3970 	238
f 3962 	3997 	3572
f 3998 	3967 	3994
f 1189 	3995 	3988
f 3994 	4006 	3998
f 1189 	3988 	1115
f 3983 	3979 	3598
f 3972 	3998 	3706
f 3589 	3572 	3997
f 3998 	3830 	3706
f 3598 	3993 	3983
f 3598 	3996 	3993
f 3996 	3969 	3970
f 3710 	3598 	3979
f 3999 	3997 	3949
f 3979 	3923 	3710
f 3687 	3996 	3442
f 3971 	3816 	3820
f 3996 	3687 	3993
f 3446 	3983 	3993
f 3983 	3446 	3871
f 3973 	3820 	3833
f 3765 	274 	1042
f 3446 	3993 	3687
f 3973 	3971 	3820
f 3997 	3962 	3949
f 3973 	3833 	3838
f 3401 	3673 	3977
f 3956 	3968 	4000
f 3982 	3838 	3849
f 3968 	3989 	4000
f 3970 	237 	238
f 3982 	3973 	3838
f 3681 	166 	136
f 3849 	3853 	3984
f 166 	173 	136
f 4000 	4028 	3999
f 3982 	3849 	3984
f 4002 	3992 	3769
f 3853 	3787 	3984
f 4001 	4002 	3769
f 4001 	4004 	4002
f 4009 	1161 	4005
f 4004 	3994 	4002
f 4004 	4012 	4006
f 3973 	4005 	3971
f 3932 	3935 	4008
f 4012 	556 	4006
f 4005 	1161 	4003
f 791 	4003 	1161
f 4004 	4006 	3994
f 4009 	1166 	1161
f 4005 	4003 	3971
f 4006 	3823 	3998
f 4005 	3973 	4009
f 3769 	4012 	4001
f 3973 	4010 	4009
f 4010 	1166 	4009
f 555 	3769 	3765
f 3935 	4013 	4008
f 3982 	4011 	4010
f 3937 	4013 	3935
f 1166 	4010 	4011
f 4013 	3937 	3361
f 4012 	4004 	4001
f 1197 	4011 	3984
f 4007 	4008 	4013
f 3842 	434 	4106
f 3945 	4014 	4044
f 1197 	3984 	1208
f 3832 	3299 	3802
f 4014 	3945 	3927
f 3927 	3930 	4014
f 1189 	1208 	3995
f 4037 	4015 	4013
f 2196 	301 	2318
f 222 	2318 	301
f 3809 	3802 	3299
f 2196 	310 	301
f 4015 	4007 	4013
f 3361 	3386 	4013
f 3386 	3394 	4013
f 4020 	3823 	4026
f 4008 	3930 	3932
f 4014 	3930 	4008
f 4018 	2235 	4017
f 3945 	4044 	4019
f 4019 	3978 	3945
f 3832 	3309 	3299
f 589 	546 	4020
f 4019 	4043 	3978
f 4026 	589 	4020
f 2034 	2235 	4018
f 3823 	4020 	3309
f 3809 	3110 	3842
f 3289 	3110 	3809
f 4008 	4007 	4021
f 3809 	3299 	3289
f 3765 	1042 	558
f 4148 	3774 	3589
f 3765 	558 	555
f 2213 	2234 	4024
f 3999 	4025 	3997
f 4012 	555 	556
f 4026 	4006 	556
f 2378 	4027 	2396
f 589 	4026 	556
f 4027 	4117 	2396
f 4028 	4025 	3999
f 3769 	555 	4012
f 4027 	2380 	4022
f 4006 	4026 	3823
f 4027 	2378 	2380
f 4029 	3664 	3663
f 3663 	4033 	4029
f 4024 	4030 	2213
f 4000 	3989 	4165
f 3663 	3677 	4033
f 4023 	2215 	4030
f 3661 	3664 	4031
f 4032 	4060 	4021
f 4030 	4024 	4108
f 3664 	4029 	4031
f 4021 	4007 	4032
f 4007 	4015 	4032
f 4033 	4034 	4029
f 4033 	4036 	4034
f 2234 	4016 	4035
f 4024 	2234 	4035
f 4013 	3742 	4037
f 4039 	4038 	3670
f 4017 	4040 	4018
f 4041 	4015 	4037
f 4035 	4018 	4040
f 3670 	3693 	4039
f 4032 	4015 	4041
f 4036 	4033 	4038
f 4033 	3677 	4038
f 3677 	3670 	4038
f 4035 	4016 	4018
f 3798 	4041 	3813
f 2048 	2039 	4046
f 4037 	3813 	4041
f 4041 	4158 	4032
f 4158 	4160 	4032
f 2048 	4051 	2061
f 4160 	4173 	4032
f 3780 	4042 	4039
f 3780 	2829 	4042
f 2829 	2825 	4042
f 4036 	4045 	4034
f 2824 	4045 	4036
f 4021 	4047 	4008
f 4048 	2825 	2824
f 4046 	2064 	4049
f 4047 	4014 	4008
f 2824 	4036 	4048
f 2064 	2015 	4049
f 4036 	4038 	4048
f 4047 	4044 	4014
f 4039 	4048 	4038
f 4019 	4044 	4059
f 4049 	64 	4046
f 4029 	4050 	4031
f 4059 	4057 	4019
f 4050 	171 	4031
f 4029 	4034 	4050
f 4019 	4057 	4043
f 4034 	4052 	4050
f 4052 	171 	4050
f 2926 	171 	4052
f 2048 	67 	4051
f 4052 	4034 	4045
f 4172 	4044 	4047
f 2911 	4052 	4045
f 4172 	4177 	4044
f 2926 	4052 	2911
f 4177 	4059 	4044
f 4042 	4048 	4039
f 4042 	2825 	4048
f 3989 	3987 	4164
f 4164 	4165 	3989
f 3991 	4054 	3987
f 3738 	4053 	3736
f 4164 	3987 	4054
f 3991 	4055 	4054
f 4075 	3736 	4053
f 3738 	3741 	4053
f 4056 	116 	4053
f 4056 	121 	116
f 4056 	4053 	3741
f 3648 	4058 	3644
f 4055 	4043 	4057
f 4058 	4056 	3644
f 2574 	48 	2577
f 3991 	4043 	4055
f 4058 	121 	4056
f 3661 	4058 	3648
f 4058 	164 	121
f 4058 	171 	164
f 171 	4058 	4031
f 4049 	3267 	64
f 3661 	4031 	4058
f 67 	2048 	4046
f 4060 	4047 	4021
f 270 	625 	4063
f 270 	4063 	4066
f 4032 	4173 	4060
f 3765 	4070 	274
f 4047 	4060 	4172
f 2001 	2577 	43
f 4070 	4063 	1034
f 4070 	1042 	274
f 126 	2670 	2697
f 126 	3306 	2670
f 4049 	2001 	3267
f 673 	4063 	662
f 4062 	3771 	4061
f 51 	48 	2574
f 4063 	625 	662
f 4091 	4061 	4064
f 3774 	4064 	3771
f 2774 	57 	51
f 4070 	1034 	1042
f 4064 	4061 	3771
f 2574 	2774 	51
f 2670 	3306 	2771
f 57 	2774 	2771
f 4065 	4064 	3774
f 3752 	3771 	4062
f 2703 	2690 	3317
f 4063 	3763 	4066
f 2709 	126 	2697
f 4063 	4070 	3763
f 4067 	4068 	3790
f 4071 	3790 	4068
f 4086 	2801 	2793
f 4067 	3790 	3783
f 4071 	4068 	4080
f 2816 	2801 	4088
f 4069 	4081 	4066
f 4069 	4066 	3652
f 4071 	4080 	4089
f 175 	4078 	4075
f 4136 	4072 	4242
f 4074 	4067 	3770
f 228 	175 	4075
f 3652 	3736 	4075
f 4072 	4082 	4073
f 4040 	4082 	4072
f 335 	4085 	4087
f 4072 	4136 	4040
f 4077 	4072 	4073
f 335 	4081 	4085
f 4077 	4073 	2877
f 4089 	3798 	4071
f 3805 	3790 	4071
f 2877 	2944 	4077
f 4155 	3798 	4076
f 3770 	4062 	4074
f 4074 	4084 	4067
f 4077 	2944 	4079
f 4078 	3652 	4075
f 270 	4066 	4081
f 4082 	2871 	4073
f 4081 	335 	735
f 708 	4081 	735
f 708 	270 	4081
f 4082 	2235 	2871
f 4061 	4083 	4062
f 4040 	4017 	4082
f 4017 	2235 	4082
f 4078 	4081 	4069
f 4069 	3652 	4078
f 4083 	4074 	4062
f 2946 	4079 	2944
f 4074 	4096 	4084
f 4084 	4068 	4067
f 2793 	2627 	14
f 4086 	214 	4088
f 467 	335 	4087
f 14 	214 	4086
f 180 	4087 	4085
f 175 	4085 	4081
f 4084 	4102 	4068
f 4088 	142 	137
f 4068 	4102 	4080
f 180 	4111 	4087
f 4053 	228 	4075
f 4088 	137 	2816
f 4080 	504 	4089
f 162 	2823 	137
f 162 	172 	2823
f 137 	2823 	2816
f 2992 	2834 	172
f 172 	177 	2992
f 3777 	3800 	4092
f 177 	2995 	2992
f 4083 	4061 	4091
f 4093 	4092 	4090
f 3777 	4092 	4093
f 4076 	3798 	4089
f 4090 	2861 	4093
f 177 	286 	2995
f 4076 	4089 	504
f 3004 	2897 	189
f 2861 	4094 	4093
f 4093 	4094 	3686
f 286 	189 	2897
f 3780 	3781 	4094
f 2690 	194 	3317
f 4065 	4091 	4064
f 2867 	3780 	4094
f 2867 	2829 	3780
f 4083 	4096 	4074
f 4100 	4098 	2836
f 4096 	4097 	4084
f 4098 	4100 	4101
f 4100 	2836 	2840
f 4110 	742 	4097
f 2840 	4090 	4100
f 4097 	4096 	4110
f 4090 	4092 	4100
f 4099 	4181 	4182
f 4102 	4097 	523
f 523 	525 	4102
f 4102 	4084 	4097
f 4100 	4092 	4101
f 4092 	3800 	4101
f 4109 	434 	3941
f 4091 	4103 	4083
f 434 	4109 	4106
f 4103 	4096 	4083
f 2846 	4098 	4104
f 2846 	2836 	4098
f 3800 	4104 	4098
f 4109 	3941 	325
f 4186 	4119 	4091
f 4091 	4065 	4186
f 4080 	4102 	525
f 504 	4080 	525
f 4106 	4109 	4104
f 4121 	2846 	4104
f 4109 	4121 	4104
f 4109 	325 	4122
f 4105 	4108 	4139
f 774 	742 	4110
f 4085 	175 	180
f 4103 	4110 	4096
f 4087 	4115 	467
f 467 	4115 	631
f 4112 	4022 	4023
f 4111 	180 	182
f 4023 	4113 	4112
f 4114 	4110 	4103
f 4111 	4115 	4087
f 4114 	774 	4110
f 182 	221 	4115
f 4116 	4114 	4103
f 4107 	4108 	4024
f 182 	4115 	4111
f 4103 	4091 	4116
f 4115 	4120 	631
f 4119 	4144 	4116
f 4119 	4142 	4144
f 4115 	221 	4118
f 4091 	4119 	4116
f 332 	3892 	4120
f 4027 	4112 	4125
f 4027 	4022 	4112
f 4118 	4120 	4115
f 284 	332 	4120
f 4118 	284 	4120
f 796 	711 	842
f 2878 	2846 	4121
f 3017 	4127 	3027
f 806 	796 	842
f 4023 	4030 	4113
f 793 	313 	617
f 4109 	4122 	4121
f 4122 	330 	321
f 4030 	4108 	4105
f 2878 	4121 	4123
f 4113 	4030 	4105
f 4122 	4123 	4121
f 4027 	4124 	4117
f 4122 	363 	4123
f 321 	363 	4122
f 4124 	4149 	4117
f 4123 	2888 	2878
f 4027 	4125 	4124
f 818 	326 	316
f 4125 	4138 	4141
f 4125 	4112 	4138
f 333 	818 	934
f 4126 	4117 	4149
f 4126 	2396 	4117
f 3017 	4126 	4150
f 3017 	2401 	4126
f 2401 	2396 	4126
f 313 	784 	1012
f 1012 	4128 	4129
f 784 	313 	793
f 4130 	4133 	4132
f 4133 	4134 	4132
f 316 	4131 	818
f 333 	934 	1284
f 1272 	766 	763
f 4137 	4133 	4130
f 1264 	1046 	770
f 4156 	4133 	4135
f 4134 	4107 	4132
f 4035 	4107 	4024
f 4130 	4035 	4040
f 4130 	4132 	4035
f 420 	415 	1024
f 1043 	1024 	415
f 4137 	4040 	4136
f 1096 	420 	1024
f 1007 	1096 	1024
f 4137 	4136 	4135
f 4128 	1012 	784
f 4130 	4040 	4137
f 4135 	4133 	4137
f 742 	4128 	784
f 742 	774 	4128
f 4128 	774 	4129
f 4129 	818 	4131
f 818 	333 	326
f 4107 	4035 	4132
f 4138 	4112 	4113
f 4113 	4105 	4138
f 4138 	4105 	4143
f 4105 	4139 	4143
f 1272 	763 	1284
f 4107 	4140 	4108
f 1264 	766 	1272
f 4139 	4108 	4140
f 770 	766 	1264
f 818 	4129 	774
f 4214 	934 	4142
f 4134 	4140 	4107
f 934 	818 	4142
f 4095 	4139 	4140
f 4140 	4179 	4095
f 818 	4144 	4142
f 818 	4114 	4144
f 4114 	4116 	4144
f 770 	1046 	855
f 1046 	868 	855
f 4145 	4146 	4217
f 4217 	4216 	4145
f 1043 	415 	1046
f 1046 	415 	874
f 4141 	4218 	4146
f 4218 	4217 	4146
f 4219 	4218 	4141
f 4151 	4147 	4148
f 4141 	4143 	4219
f 4151 	4152 	4147
f 4141 	4138 	4143
f 3997 	4148 	3589
f 4148 	4065 	3774
f 4147 	4065 	4148
f 4145 	4149 	4124
f 4145 	4150 	4149
f 4216 	4150 	4145
f 4124 	4125 	4146
f 4146 	4145 	4124
f 4151 	4148 	3997
f 4125 	4141 	4146
f 4126 	4149 	4150
f 3997 	4025 	4151
f 4025 	4152 	4151
f 4153 	3017 	4150
f 4152 	4154 	4196
f 4153 	4127 	3017
f 4025 	4028 	4152
f 4028 	4000 	4154
f 4153 	4168 	4127
f 4154 	4152 	4028
f 4000 	4165 	4154
f 4133 	4099 	4134
f 4099 	4140 	4134
f 504 	1127 	4076
f 4155 	4076 	1127
f 4135 	100 	4156
f 4155 	4041 	3798
f 4155 	1127 	4157
f 100 	4184 	4156
f 4155 	4157 	4041
f 4157 	1127 	1140
f 4181 	4133 	4156
f 1140 	4158 	4157
f 4181 	4099 	4133
f 4157 	4158 	4041
f 4159 	4162 	4161
f 4160 	1140 	1247
f 3022 	4163 	4162
f 4169 	4163 	3022
f 4161 	4162 	4163
f 4054 	4166 	4164
f 4166 	4165 	4164
f 4166 	4206 	4165
f 4055 	4167 	4054
f 4167 	4166 	4054
f 4168 	4161 	4163
f 4127 	4169 	3027
f 4169 	3022 	3027
f 4171 	4167 	4055
f 4127 	4168 	4169
f 4168 	4163 	4169
f 4055 	4057 	4171
f 4161 	4168 	4223
f 4154 	4165 	4197
f 4170 	4143 	4139
f 4095 	4170 	4139
f 4095 	4178 	4170
f 4172 	4060 	4173
f 4171 	4057 	4175
f 4176 	4170 	4178
f 4219 	4170 	4176
f 4143 	4170 	4219
f 4177 	4175 	4059
f 4175 	4057 	4059
f 4095 	4179 	4178
f 4172 	4183 	4177
f 4160 	1247 	4173
f 4099 	4180 	4140
f 4166 	4167 	4199
f 4140 	4180 	4179
f 4172 	1236 	1235
f 4156 	4184 	4181
f 4173 	1236 	4172
f 243 	4182 	4181
f 4201 	4171 	4175
f 4183 	4202 	4177
f 4173 	1247 	1236
f 100 	220 	4184
f 4183 	4172 	1235
f 243 	4181 	4184
f 220 	240 	4184
f 4184 	240 	243
f 4189 	4119 	4186
f 4099 	4203 	4180
f 4186 	4065 	4147
f 4174 	4176 	4207
f 4195 	4207 	4176
f 4147 	4152 	4189
f 4119 	4189 	4188
f 4189 	4186 	4147
f 4191 	4203 	4192
f 4193 	4188 	4189
f 4193 	4185 	4188
f 4193 	4189 	4152
f 4152 	4196 	4193
f 4196 	4185 	4193
f 671 	4190 	672
f 4190 	671 	4195
f 690 	4192 	701
f 690 	672 	4192
f 4196 	4154 	4197
f 4192 	4194 	701
f 4185 	4196 	4197
f 4205 	4197 	4165
f 4197 	4205 	4185
f 4194 	4198 	918
f 4165 	4206 	4205
f 296 	4198 	4182
f 4171 	4200 	4167
f 4198 	4099 	4182
f 4200 	4199 	4167
f 4194 	4099 	4198
f 4208 	4199 	4200
f 4192 	672 	4190
f 4171 	4201 	4200
f 4192 	4190 	4191
f 4191 	4190 	4178
f 4179 	4191 	4178
f 4179 	4180 	4203
f 4201 	4202 	1230
f 4179 	4203 	4191
f 4175 	4202 	4201
f 4203 	4194 	4192
f 4175 	4177 	4202
f 1237 	4202 	4183
f 4183 	1235 	1237
f 4212 	4210 	4205
f 4199 	4206 	4166
f 4208 	4206 	4199
f 4195 	4178 	4190
f 4201 	4209 	4200
f 4209 	4208 	4200
f 4195 	4176 	4178
f 1230 	4209 	4201
f 4185 	4205 	4210
f 4194 	4203 	4099
f 4210 	4211 	4185
f 1410 	4211 	4210
f 1410 	1419 	4211
f 4206 	4212 	4205
f 4174 	4213 	4187
f 4213 	712 	4187
f 4207 	4213 	4174
f 4206 	4208 	1378
f 4207 	676 	4213
f 1378 	1440 	4206
f 4187 	712 	4204
f 1440 	4212 	4206
f 712 	709 	4204
f 4208 	4209 	1381
f 1381 	1378 	4208
f 4207 	4195 	679
f 4188 	4185 	4215
f 679 	676 	4207
f 1419 	4214 	4215
f 4215 	4214 	4188
f 4185 	4211 	4215
f 4214 	4119 	4188
f 934 	4214 	1284
f 4142 	4119 	4214
f 1419 	4215 	4211
f 4187 	4217 	4218
f 4219 	4174 	4218
f 4174 	4187 	4218
f 4219 	4176 	4174
f 95 	3246 	3623
f 4225 	4153 	4220
f 4153 	4150 	4220
f 4161 	4223 	4222
f 4243 	4235 	1103
f 414 	4222 	4228
f 446 	4161 	4222
f 4168 	4226 	4223
f 4221 	3211 	95
f 4228 	496 	414
f 4220 	4231 	4225
f 101 	3166 	4224
f 4228 	4223 	4226
f 4225 	4168 	4153
f 4225 	4226 	4168
f 4150 	4216 	4227
f 3603 	3182 	115
f 706 	4227 	703
f 4204 	4216 	4217
f 4204 	709 	4227
f 709 	703 	4227
f 3603 	115 	109
f 4216 	4204 	4227
f 4187 	4204 	4217
f 158 	157 	4232
f 4222 	4223 	4228
f 3223 	139 	140
f 158 	4232 	140
f 3223 	140 	3227
f 4228 	520 	496
f 4229 	2140 	2217
f 4231 	4220 	4227
f 4227 	4220 	4150
f 4230 	4231 	4227
f 4226 	4225 	4231
f 4230 	4233 	4231
f 4230 	4227 	706
f 3621 	3227 	140
f 520 	4228 	4233
f 4229 	3230 	2996
f 1098 	4233 	4230
f 2996 	1384 	4229
f 4228 	4226 	4231
f 4231 	4233 	4228
f 4229 	145 	3230
f 4235 	4234 	1225
f 1225 	1286 	4235
f 4238 	1286 	1126
f 4236 	2969 	4250
f 2969 	3037 	4250
f 101 	4224 	1128
f 1128 	115 	101
f 1286 	4238 	4235
f 4242 	4072 	4247
f 4224 	4238 	1126
f 1126 	1128 	4224
f 4077 	4237 	4072
f 4235 	4238 	1103
f 4077 	4079 	4237
f 1103 	4238 	4224
f 4241 	187 	191
f 4239 	4237 	4079
f 3623 	96 	95
f 2976 	4240 	2946
f 4243 	4241 	191
f 2976 	4236 	4240
f 4221 	95 	4241
f 191 	4234 	4243
f 4234 	4235 	4243
f 4135 	4136 	4242
f 3211 	4221 	4243
f 4221 	4241 	4243
f 4240 	4239 	4079
f 3211 	3246 	95
f 2946 	4240 	4079
f 202 	4232 	157
f 4244 	4245 	3037
f 4232 	202 	4246
f 147 	4245 	4244
f 4246 	202 	96
f 140 	4232 	4246
f 96 	202 	178
f 4237 	4247 	4072
f 3621 	140 	4246
f 96 	178 	187
f 4244 	3037 	3013
f 3013 	4159 	4244
f 4159 	147 	4244
f 96 	3621 	4246
f 4245 	181 	4250
f 4245 	147 	181
f 95 	96 	187
f 3037 	4245 	4250
f 95 	187 	4241
f 4248 	4240 	4236
f 4239 	4240 	4248
f 4248 	155 	154
f 4248 	4236 	4249
f 4249 	155 	4248
f 4249 	4236 	4250
f 4250 	181 	4249
f 4249 	161 	155
f 4247 	4237 	4251
f 4237 	4239 	4251
f 4239 	154 	4251
f 181 	161 	4249
f 4248 	154 	4239
f 98 	4251 	4252
f 4251 	154 	4252
f 132 	4252 	380
f 135 	4252 	154
f 135 	380 	4252
f 98 	4247 	4251
f 4252 	130 	98
f 4252 	132 	130
f 130 	105 	98
f 4135 	98 	100
f 98 	4242 	4247
f 4135 	4242 	98
# 8536 faces

 #end of obj_0

